LABID,Genetic_ID,SampleType,Year,FilterReps_1Keep_2Remove,SEX,species,HaplotypesCopy,Latitude,Longitude,Chiv_2002_strata,Chiv2002_Strata Symbol,Strata_final,Strata_fine scale,Crossman_strata,AK_STRATA_1,AK_STRATA_2,AK_STRATA_3,Num_AK3_WC4,Geog_sort,Crossman1,Crossman2,sample_Notes,PM_strata_notes,Haplotypes
157167,DFO3993,Tissue,,1,,Hyb,CR03,54.138,-130.279,,,,,Outside/North,,,,23_BC,Hyb,North,N_BC,,,CR03
157152,PW82897,Tissue,,1,,Hyb,Pdal01,48.563,-123.121,,,,,,,,,26_San_Juan_Is,Hyb,Inside,San_Juan_Is,,,Pdal01
157149,PW98-01,Tissue,,1,,Hyb,Pdal01,48.586,-123.222,,,,,,,,,26_San_Juan_Is,Hyb,Inside,San_Juan_Is,,,Pdal01
157160,PW98-05,Tissue,,1,,Hyb,Pdal04,48.568,-123.233,,,,,,,,,26_San_Juan_Is,Hyb,Inside,San_Juan_Is,,,Pdal04
157151,PW628,Tissue,,1,,Hyb,Pdal01,48.586,-123.241,,,,,,,,,26_San_Juan_Is,Hyb,Inside,San_Juan_Is,,,Pdal01
116959,116959,Tissue,,1,F,Hyb,,47.1588,-124.191,,,,,,,,,30_ORWA_Coast,Hyb,,,,,
145412,145412,Tissue,,1,,Pdal,,33.35,-120.333333,,,,,,,,,35_SoCal,Pdal,Pdal,Pdal,,,
157148,PW0619-1,Tissue,,1,,Pdal,Pdal03,48.645,-123.257,,,,,,,,,26_San_Juan_Is,Pdal,Inside,San_Juan_Is,,,Pdal03
145216,145216,Tissue,,1,U,Pdal,,47.866666,-125.15,,,,,,,,,30_ORWA_Coast,Pdal,,,,,
145258,145258,Tissue,,1,U,Pdal,,45.283333,-125.816666,,,,,,,,,30_ORWA_Coast,Pdal,,,,,
145242,145242,Tissue,,1,U,Pdal,,45.016666,-127.816666,,,,,,,,,30_ORWA_Coast,Pdal,,,,,
13197,13197,Tissue,,1,U,Pdal,,55.583333,-164.583333,,,,,,,,,16_SOUTHEAST_BERING_SEA,Pdal,,,,,
13198,13198,Tissue,,1,U,Pdal,,55.583333,-164.583333,,,,,,,,,16_SOUTHEAST_BERING_SEA,Pdal,,,,,
17367,17367,Tissue,,1,M,Pdal,,58.666666,-173.2,,,,,,,,,13_WESTERN_BERING_SEA,Pdal,,,,,
17384,17384,Tissue,,1,M,Pdal,,59.533333,-175.933333,,,,,,,,,13_WESTERN_BERING_SEA,Pdal,,,,,
17385,17385,Tissue,,1,M,Pdal,,59.666666,-177.266666,,,,,,,,,13_WESTERN_BERING_SEA,Pdal,,,,,
157153,LBL00-10,Tissue,,1,,Pdal,,48.563,-123.121,,,,,,,,,26_San_Juan_Is,Pdal,Pdal,Pdal,poor seq. lat/lon not available per C. Crossman 12/14/16; inserted lat/lon from 157152,,
157156,LBL00-14,Tissue,,1,,Pdal,Pdal06,48.563,-123.121,,,,,,,,,26_San_Juan_Is,Pdal,Pdal,Pdal,lat/lon not available per C. Crossman 12/14/16; inserted lat/lon from 157152,,Pdal06
157157,LBL07-11,Tissue,,1,,Pdal,Pdal05,48.563,-123.121,,,,,,,,,26_San_Juan_Is,Pdal,Pdal,Pdal,lat/lon not available per C. Crossman 12/14/16; inserted lat/lon from 157152,,Pdal05
3930,3930,Tissue,,1,,Ppho,,71.35,-156.333333,,,,,,CHUKCHI-N.BERING,BARROW,BARROW,11_BARROW,1,,,,,
6987,6987,Tissue,,1,,Ppho,CR01,71.383333,-156.5,,,,,,CHUKCHI-N.BERING,BARROW,BARROW,11_BARROW,1,,,,,CR01
6988,6988,Tissue,,1,,Ppho,CR01,71.383333,-156.5,,,,,,CHUKCHI-N.BERING,BARROW,BARROW,11_BARROW,1,,,,,CR01
7926,7926,Tissue,,1,,Ppho,CR01,71.333333,-156.666666,,,,,,CHUKCHI-N.BERING,BARROW,BARROW,11_BARROW,1,,,,,CR01
27471,27471,Tissue,,1,,Ppho,CR51,71.283333,-156.783333,,,,,,CHUKCHI-N.BERING,BARROW,BARROW,11_BARROW,1,,,,,CR51
156881,156881,Tissue,,1,,Ppho,,71.18795,-157.006833,,,,,,CHUKCHI-N.BERING,BARROW,BARROW,11_BARROW,1,,,,,
3931,3931,Tissue,,1,,Ppho,CR27,71.166666,-157.05,,,,,,CHUKCHI-N.BERING,BARROW,BARROW,11_BARROW,1,,,,,CR27
136923,136923,Tissue,,1,,Ppho,,66.96145,-162.55288,,,,,,,,,12_NOME,2,,,,,
77299,77299,Tissue,,1,,Ppho,CR56,64.49,-165.42,,,,,,,,,12_NOME,2,,,estimated location based on description,,CR56
26609,26609-final,Tissue,,1,,Ppho,CR01,57.1,169.7,,,,,,WESTERN_BERING_SEA,WESTERN_BERING_SEA,WESTERN_BERING_SEA,13_WESTERN_BERING_SEA,3,,,,,CR01
26608,26608,Tissue,,1,,Ppho,CR01,56.116666,166.85,,,,,,WESTERN_BERING_SEA,WESTERN_BERING_SEA,WESTERN_BERING_SEA,13_WESTERN_BERING_SEA,3,,,,,CR01
26607,26607,Tissue,,1,,Ppho,CR13,56.133333,166.55,,,,,,WESTERN_BERING_SEA,WESTERN_BERING_SEA,WESTERN_BERING_SEA,13_WESTERN_BERING_SEA,3,,,,,CR13
26606,26606,Tissue,,1,,Ppho,CR01,56.25,166.466666,,,,,,WESTERN_BERING_SEA,WESTERN_BERING_SEA,WESTERN_BERING_SEA,13_WESTERN_BERING_SEA,3,,,,,CR01
725,725,Tissue,,1,,Ppho,CR01,51.883333,-176.616666,,,,,,,,,14_CENTRAL_ALEUTIANS,4,,,,,CR01
78877,78877,Tissue,,1,,Ppho,CR05,56.88167,-164.612,,,,,,EASTERN_BERING_SEA,EASTERN_BERING_SEA,NORTHEAST_BERING_SEA,15_NORTHEAST_BERING_SEA,5,,,"possible male, one vial; permit #2110",,CR05
14193,14193,Tissue,,1,,Ppho,CR05,58.016666,-164.683333,,,,,,EASTERN_BERING_SEA,EASTERN_BERING_SEA,NORTHEAST_BERING_SEA,15_NORTHEAST_BERING_SEA,5,,,,,CR05
15226,15226,Tissue,,1,,Ppho,CR01,58.083333,-165.15,,,,,,EASTERN_BERING_SEA,EASTERN_BERING_SEA,NORTHEAST_BERING_SEA,15_NORTHEAST_BERING_SEA,5,,,,,CR01
73682,73682,Tissue,,1,,Ppho,CR01,56.866667,-165.2833333,,,,,,EASTERN_BERING_SEA,EASTERN_BERING_SEA,NORTHEAST_BERING_SEA,15_NORTHEAST_BERING_SEA,5,,,,,CR01
16598,16598,Tissue,,1,,Ppho,CR01,57.566666,-165.666666,,,,,,EASTERN_BERING_SEA,EASTERN_BERING_SEA,NORTHEAST_BERING_SEA,15_NORTHEAST_BERING_SEA,5,,,,,CR01
173631,NMML15-002,Tissue,,1,,Ppho,CR05,57.317666,-166.058,,,,,,EASTERN_BERING_SEA,EASTERN_BERING_SEA,NORTHEAST_BERING_SEA,15_NORTHEAST_BERING_SEA,5,,,,,CR05
18840,18840,Tissue,,1,,Ppho,CR26,57.216666,-166.133333,,,,,,EASTERN_BERING_SEA,EASTERN_BERING_SEA,NORTHEAST_BERING_SEA,15_NORTHEAST_BERING_SEA,5,,,,,CR26
25512,25512,Tissue,,1,,Ppho,CR01,57.35,-166.516666,,,,,,EASTERN_BERING_SEA,EASTERN_BERING_SEA,NORTHEAST_BERING_SEA,15_NORTHEAST_BERING_SEA,5,,,,,CR01
78874,78874,Tissue,,1,,Ppho,CR05,56.48333,-166.7,,,,,,EASTERN_BERING_SEA,EASTERN_BERING_SEA,NORTHEAST_BERING_SEA,15_NORTHEAST_BERING_SEA,5,,,"possible male, 1.64 cur. Length, approx 30kgs; permit #3245",,CR05
78878,78878,Tissue,,1,,Ppho,CR05,56.4333,-166.733,,,,,,EASTERN_BERING_SEA,EASTERN_BERING_SEA,NORTHEAST_BERING_SEA,15_NORTHEAST_BERING_SEA,5,,,"sample mix-up with 78879 (Oorc), per Kelly Robertson. Correct seq updated 12/20/16; not corrected on SNP plates, so SNPs from Oorc (all homozyg.)",(NMML08-006 (Dahlheim)),CR05
62278,62278,Tissue,,1,,Ppho,CR05,58.15,-166.85,,,,,,EASTERN_BERING_SEA,EASTERN_BERING_SEA,NORTHEAST_BERING_SEA,15_NORTHEAST_BERING_SEA,5,,,,,CR05
159603,159603,Tissue,,1,,Ppho,CR49,58.186333,-167.303,,,,,,EASTERN_BERING_SEA,EASTERN_BERING_SEA,NORTHEAST_BERING_SEA,15_NORTHEAST_BERING_SEA,5,,,,,CR49
62277,62277,Tissue,,1,,Ppho,CR01,57.116666,-167.816666,,,,,,EASTERN_BERING_SEA,EASTERN_BERING_SEA,NORTHEAST_BERING_SEA,15_NORTHEAST_BERING_SEA,5,,,,,CR01
1348,1348,Tissue,,1,,Ppho,CR46,57.216666,-170.25,,,,,,EASTERN_BERING_SEA,EASTERN_BERING_SEA,NORTHEAST_BERING_SEA,15_NORTHEAST_BERING_SEA,5,,,,,CR46
62282,62282,Tissue,,1,,Ppho,CR27,55.816666,-163.966666,,,,,,EASTERN_BERING_SEA,EASTERN_BERING_SEA,SOUTHEAST_BERING_SEA,16_SOUTHEAST_BERING_SEA,6,,,,,CR27
117069,117069,Tissue,,1,,Ppho,CR01,55.205,-164.375,,,,,,EASTERN_BERING_SEA,EASTERN_BERING_SEA,SOUTHEAST_BERING_SEA,16_SOUTHEAST_BERING_SEA,6,,,,,CR01
117067,117067,Tissue,,1,,Ppho,CR05,55.1083,-164.7,,,,,,EASTERN_BERING_SEA,EASTERN_BERING_SEA,SOUTHEAST_BERING_SEA,16_SOUTHEAST_BERING_SEA,6,,,,,CR05
12595,12595,Tissue,,1,,Ppho,CR45,55.016666,-164.9,,,,,,EASTERN_BERING_SEA,EASTERN_BERING_SEA,SOUTHEAST_BERING_SEA,16_SOUTHEAST_BERING_SEA,6,,,,,CR45
108547,108547,Tissue,,1,,Ppho,,57.44,-152.5,,,,,,GULF_OF_AK,,,17_KODIAK,7,,,No other location info per K. Wynne. Estimated location based on description.,,
108549,108549,Tissue,,1,,Ppho,,57.87,-153.56,,,,,,GULF_OF_AK,,,17_KODIAK,7,,,no info on CoC form. Rec'd 6/6/05 Adult 160 cm. Uganilk Bay,,
108550,108550,Tissue,,1,,Ppho,CR44,57.87,-153.56,,,,,,GULF_OF_AK,,,17_KODIAK,7,,,Adult 139cm. Uganik Bay,,CR44
108546,108546,Tissue,,1,,Ppho,,57.011,-154.145,,,,,,GULF_OF_AK,,,17_KODIAK,7,,,Adult 131cm Moser Bay,,
5411,5411,Tissue,,1,,Ppho,CR01,57.033333,-154.15,,,,,,GULF_OF_AK,,,17_KODIAK,7,,,CR seq confirmed from HiSeq Mitogenome,,CR01
108548,108548,Tissue,,1,,Ppho,,57.011,-154.145,,,,,,GULF_OF_AK,,,17_KODIAK,7,,,"no lat/lon (per Kim Parsons), but part of sample set from Kodiak, from Kate Wynne; inserted lat lon from sample 108546","confirmed Kodiak sample, Kim Parsons 12/19/16",
136926,136926,Tissue,,1,,Ppho,CR21,61.4416,-149.4393,,,,,,GULF_OF_AK,WESTERN_GOA,COOK_INLET,18_COOK_INLET,8,,,,,CR21
156821,156821,Tissue,,1,,Ppho,CR01,61.308777,-149.819527,,,,,,GULF_OF_AK,WESTERN_GOA,COOK_INLET,18_COOK_INLET,8,,,"Latitude updated 1/23/17 per Jane Belovarac, stranding network.",,CR01
17380,17380,Tissue,,1,,Ppho,CR50,61.216666,-149.9,,,,,,GULF_OF_AK,WESTERN_GOA,COOK_INLET,18_COOK_INLET,8,,,,,CR50
144206,144206_1,Tissue,,1,,Ppho,CR47,61.134568,-149.983632,,,,,,GULF_OF_AK,WESTERN_GOA,COOK_INLET,18_COOK_INLET,8,,,,,CR47
57787,57787,Tissue,,1,,Ppho,CR01,60.583333,-151.016666,,,,,,GULF_OF_AK,WESTERN_GOA,COOK_INLET,18_COOK_INLET,8,,,,,CR01
144311,144311,Tissue,,1,,Ppho,CR01,59.371456,-151.275505,,,,,,GULF_OF_AK,WESTERN_GOA,COOK_INLET,18_COOK_INLET,8,,,,,CR01
156868,156868,Tissue,,1,,Ppho,CR26,60.54375,-151.277,,,,,,GULF_OF_AK,WESTERN_GOA,COOK_INLET,18_COOK_INLET,8,,,,,CR26
100685,100685,Tissue,,1,,Ppho,CR11,60.7401,-151.314,,,,,,GULF_OF_AK,WESTERN_GOA,COOK_INLET,18_COOK_INLET,8,,,"Fetus, 1/8 mile S. of beach access village of Ninikchik",,CR11
8889,8889,Tissue,,1,,Ppho,CR02,60.566666,-151.316666,,,,,,GULF_OF_AK,WESTERN_GOA,COOK_INLET,18_COOK_INLET,8,,,,,CR02
48569,48569,Tissue,,1,,Ppho,CR01,60.683333,-151.366666,,,,,,GULF_OF_AK,WESTERN_GOA,COOK_INLET,18_COOK_INLET,8,,,,,CR01
107033,107033,Tissue,,1,,Ppho,CR05,59.6,-151.4,,,,,,GULF_OF_AK,WESTERN_GOA,COOK_INLET,18_COOK_INLET,8,,,estimated location based on description,,CR05
73645,73645,Tissue,,1,,Ppho,,60.2,-151.46,,,,,,GULF_OF_AK,WESTERN_GOA,COOK_INLET,18_COOK_INLET,8,,,,,
73646,73646,Tissue,,1,,Ppho,CR55,60.2,-151.46,,,,,,GULF_OF_AK,WESTERN_GOA,COOK_INLET,18_COOK_INLET,8,,,,,CR55
91071,91071,Tissue,,1,,Ppho,CR22,59.55,-151.48,,,,,,GULF_OF_AK,WESTERN_GOA,COOK_INLET,18_COOK_INLET,8,,,"Kachemak Bay, Cook Inlet",,CR22
28910,28910,Tissue,,1,,Ppho,CR20,59.65,-151.55,,,,,,GULF_OF_AK,WESTERN_GOA,COOK_INLET,18_COOK_INLET,8,,,,,CR20
28911,28911,Tissue,,1,,Ppho,CR20,59.65,-151.55,,,,,,GULF_OF_AK,WESTERN_GOA,COOK_INLET,18_COOK_INLET,8,,,,,CR20
144312,144312,Tissue,,1,,Ppho,CR48,60.5344,-151.5623,,,,,,GULF_OF_AK,WESTERN_GOA,COOK_INLET,18_COOK_INLET,8,,,,,CR48
57788,57788,Tissue,,1,,Ppho,CR54,60.033333,-151.65,,,,,,GULF_OF_AK,WESTERN_GOA,COOK_INLET,18_COOK_INLET,8,,,,,CR54
4844,4844,Tissue,,1,,Ppho,CR01,60.216666,-144.816666,,,,,,GULF_OF_AK,WESTERN_GOA,COPPER_RIVER,19_COPPER_RIVER,9,,,,,CR01
5569,5569_1,Tissue,,1,,Ppho,CR13,60.216666,-144.833333,,,,,,GULF_OF_AK,WESTERN_GOA,COPPER_RIVER,19_COPPER_RIVER,9,,,,,CR13
4847,4847,Tissue,,1,,Ppho,CR01,60.35,-145,,,,,,GULF_OF_AK,WESTERN_GOA,COPPER_RIVER,19_COPPER_RIVER,9,,,,,CR01
851,851,Tissue,,1,,Ppho,CR10,60.216666,-145.033333,,,,,,GULF_OF_AK,WESTERN_GOA,COPPER_RIVER,19_COPPER_RIVER,9,,,,,CR10
4845,4845,Tissue,,1,,Ppho,CR01,60.25,-145.333333,,,,,,GULF_OF_AK,WESTERN_GOA,COPPER_RIVER,19_COPPER_RIVER,9,,,,,CR01
5568,5568_1,Tissue,,1,,Ppho,CR53,60.316666,-145.45,,,,,,GULF_OF_AK,WESTERN_GOA,COPPER_RIVER,19_COPPER_RIVER,9,,,,,CR53
5570,5570,Tissue,,1,,Ppho,CR01,60.366666,-145.75,,,,,,GULF_OF_AK,WESTERN_GOA,COPPER_RIVER,19_COPPER_RIVER,9,,,,,CR01
8767,8767,Tissue,,1,,Ppho,CR58,60.55,-145.766666,,,,,,GULF_OF_AK,WESTERN_GOA,COPPER_RIVER,19_COPPER_RIVER,9,,,,,CR58
853,853,Tissue,,1,,Ppho,CR21,60.283333,-145.766666,,,,,,GULF_OF_AK,WESTERN_GOA,COPPER_RIVER,19_COPPER_RIVER,9,,,,,CR21
854,854,Tissue,,1,,Ppho,CR22,60.283333,-145.766666,,,,,,GULF_OF_AK,WESTERN_GOA,COPPER_RIVER,19_COPPER_RIVER,9,,,,,CR22
849,849,Tissue,,1,,Ppho,CR57,60.366666,-145.85,,,,,,GULF_OF_AK,WESTERN_GOA,COPPER_RIVER,19_COPPER_RIVER,9,,,,,CR57
4846,4846,Tissue,,1,,Ppho,CR01,60.533333,-145.9,,,,,,GULF_OF_AK,WESTERN_GOA,COPPER_RIVER,19_COPPER_RIVER,9,,,,,CR01
852,852,Tissue,,1,,Ppho,CR01,60.333333,-146.1,,,,,,GULF_OF_AK,WESTERN_GOA,COPPER_RIVER,19_COPPER_RIVER,9,,,,,CR01
4842,4842,Tissue,,1,,Ppho,CR52,60.383333,-146.116666,,,,,,GULF_OF_AK,WESTERN_GOA,COPPER_RIVER,19_COPPER_RIVER,9,,,,,CR52
4843,4843,Tissue,,1,,Ppho,CR05,60.366666,-146.116666,,,,,,GULF_OF_AK,WESTERN_GOA,COPPER_RIVER,19_COPPER_RIVER,9,,,,,CR05
850,850,Tissue,,1,,Ppho,CR01,60.383333,-146.133333,,,,,,GULF_OF_AK,WESTERN_GOA,COPPER_RIVER,19_COPPER_RIVER,9,,,,,CR01
73644,73644,Tissue,,1,,Ppho,CR01,60.716,-147.983,,,,,,GULF_OF_AK,WESTERN_GOA,COPPER_RIVER,19_COPPER_RIVER,9,,,,,CR01
74689,74689,Tissue,,1,,Ppho,CR06,59.55,-139.75,,,,,,GULF_OF_AK,YAKUTAT,YAKUTAT,20_YAKUTAT,10,,,,,CR06
false_108,2008-086,Tissue,,1,,Ppho,CR06,59.55,-139.75,,,,,,GULF_OF_AK,YAKUTAT,YAKUTAT,20_YAKUTAT,10,,,CR seq sent by Kim Parsons 2/17/17,,CR06
79626,79626,Tissue,,1,,Ppho,CR06,59.55,-139.766666,,,,,,GULF_OF_AK,YAKUTAT,YAKUTAT,20_YAKUTAT,10,,,,,CR06
79627,79627,Tissue,,1,,Ppho,CR06,59.55,-139.783333,,,,,,GULF_OF_AK,YAKUTAT,YAKUTAT,20_YAKUTAT,10,,,,,CR06
72280,72280,Tissue,,1,,Ppho,CR06,59.645,-140,,,,,,GULF_OF_AK,YAKUTAT,YAKUTAT,20_YAKUTAT,10,,,,,CR06
113051,113051,Tissue,,1,,Ppho,CR09,58.45132,-136.0527,,,,,,GULF_OF_AK,EASTERN_GOA,SEAK_NORTH,21_SEAK,11,,,,,CR09
12442,12442,Tissue,,1,,Ppho,CR09,58.166666,-134.4,,,,,,GULF_OF_AK,EASTERN_GOA,SEAK_NORTH,21_SEAK,11,,,,,CR09
144613,144613,Tissue,,1,,Ppho,CR01,58.3815,-134.6457,,,,,,GULF_OF_AK,EASTERN_GOA,SEAK_NORTH,21_SEAK,11,,,,,CR01
173627,2015297,Tissue,,1,,Ppho,CR01,58.350016,-134.6528,,,,,,GULF_OF_AK,EASTERN_GOA,SEAK_NORTH,21_SEAK,11,,,,,CR01
67881,67881,Tissue,,1,,Ppho,CR13,57.766666,-135.216666,,,,,,GULF_OF_AK,EASTERN_GOA,SEAK_NORTH,21_SEAK,11,,,,,CR13
74690,74690,Tissue,,1,,Ppho,CR05,59.2,-135.416666,,,,,,GULF_OF_AK,EASTERN_GOA,SEAK_NORTH,21_SEAK,11,,,lynn Canal 100 m N. of harbor. Estimated location based on description,,CR05
7912,7912,Tissue,,1,,Ppho,CR09,59.2,-135.416666,,,,,,GULF_OF_AK,EASTERN_GOA,SEAK_NORTH,21_SEAK,11,,,,,CR09
166599,2016002,Tissue,,1,,Ppho,CR09,59.232327,-135.440363,,,,,,GULF_OF_AK,EASTERN_GOA,SEAK_NORTH,21_SEAK,11,,,,,CR09
8420,8420,Tissue,,1,,Ppho,CR01,59.283333,-135.45,,,,,,GULF_OF_AK,EASTERN_GOA,SEAK_NORTH,21_SEAK,11,,,,,CR01
158092,158092,Tissue,,1,,Ppho,CR06,58.466667,-135.5,,,,,,GULF_OF_AK,EASTERN_GOA,SEAK_NORTH,21_SEAK,11,,,,,CR06
173628,2016013,Tissue,,1,,Ppho,CR06,58.3685,-135.5726,,,,,,GULF_OF_AK,EASTERN_GOA,SEAK_NORTH,21_SEAK,11,,,,,CR06
158091,158091,Tissue,,1,,Ppho,CR01,58.02742,-135.609,,,,,,GULF_OF_AK,EASTERN_GOA,SEAK_NORTH,21_SEAK,11,,,,,CR01
false_111,GBNP-HAPO-2016JUL30,Tissue,,1,,Ppho,CR11,58.3526,-135.713,,,,,,GULF_OF_AK,EASTERN_GOA,SEAK_NORTH,21_SEAK,11,,,CR seq sent by Kim Parsons 2/17/17,,CR11
false_109,2009-045,Tissue,,1,,Ppho,CR01,57.3298,-135.8604,,,,,,GULF_OF_AK,EASTERN_GOA,SEAK_NORTH,21_SEAK,11,,,CR seq sent by Kim Parsons 2/17/17,,CR01
11217,11217,Tissue,,1,,Ppho,,58.45,-135.883333,,,,,,GULF_OF_AK,EASTERN_GOA,SEAK_NORTH,21_SEAK,11,,,,,
151050,151050,Tissue,,1,,Ppho,CR09,58.457,-135.9046,,,,,,GULF_OF_AK,EASTERN_GOA,SEAK_NORTH,21_SEAK,11,,,,,CR09
144614,144614,Tissue,,1,,Ppho,CR22,58.450417,-135.937443,,,,,,GULF_OF_AK,EASTERN_GOA,SEAK_NORTH,21_SEAK,11,,,,,CR22
151049,151049,Tissue,,1,,Ppho,CR09,58.44858,-136.0023,,,,,,GULF_OF_AK,EASTERN_GOA,SEAK_NORTH,21_SEAK,11,,,,,CR09
false_110,GBNP-HAPO-2016AUG15,Tissue,,1,,Ppho,CR06,58.505906,-136.007863,,,,,,GULF_OF_AK,EASTERN_GOA,SEAK_NORTH,21_SEAK,11,,,CR seq sent by Kim Parsons 2/17/17,,CR06
77039,77039,Tissue,,1,,Ppho,,58.416666,-136.033333,,,,,,GULF_OF_AK,EASTERN_GOA,SEAK_NORTH,21_SEAK,11,,,,,
2593,2593,Tissue,,1,,Ppho,CR09,55.316666,-131.583333,,,,,,GULF_OF_AK,EASTERN_GOA,SEAK_SOUTH,21_SEAK,11,,,,,CR09
159602,159602,Tissue,,1,,Ppho,CR01,56.625,-132.947,,,,,,GULF_OF_AK,EASTERN_GOA,SEAK_SOUTH,21_SEAK,11,,,,,CR01
1349,1349,Tissue,,1,,Ppho,CR01,56.116666,-133.716666,,,,,,GULF_OF_AK,EASTERN_GOA,SEAK_SOUTH,21_SEAK,11,,,,,CR01
7037,7037,Tissue,,1,M,Ppho,CR35,51.666666,-128,,,,,,,,,23_BC,13,,,,,CR35
157168,DFO3860,Tissue,,1,,Ppho,CR35,51.729,-128.028,,,,,Outside/North,,,,23_BC,13,North,BC,,changed from N_BC,CR35
11229,11229,Tissue,,1,F,Ppho,CR05,53.75,-131.833333,,,,,,,,,23_BC,13,,,,,CR05
false_40,DFO3897,Tissue,,1,,Ppho,CR05,53.654,-131.905,,,,,Outside/North,,,,23_BC,13,North,N_BC,,,CR05
7028,7028,Tissue,,1,M,Ppho,CR01,53.333333,-132.833333,,,,,,,,,23_BC,13,,,,changed from BC,CR01
false_98,LBL10-22,Tissue,,1,,Ppho,CR01,48.554,-124.42,,,,,Outside/North,,,,24_W_Vancouver_Is,14,Outside,W_Vancouver_Is,,,CR01
7054,7054,Tissue,,1,M,Ppho,CR12,48.6,-124.75,W. Vancouver Is.,WVI,5,7,,,,,24_W_Vancouver_Is,14,,,,,CR12
11221,11221,Tissue,,1,M,Ppho,CR01,48.633333,-124.833333,W. Vancouver Is.,WVI,5,7,,,,,24_W_Vancouver_Is,14,,,,,CR01
11222,11222,Tissue,,1,F,Ppho,CR01,48.633333,-124.833333,W. Vancouver Is.,WVI,5,7,,,,,24_W_Vancouver_Is,14,,,,,CR01
11223,11223,Tissue,,1,F,Ppho,CR01,48.633333,-124.833333,W. Vancouver Is.,WVI,5,7,,,,,24_W_Vancouver_Is,14,,,,,CR01
11224,11224,Tissue,,1,M,Ppho,CR01,48.633333,-124.833333,W. Vancouver Is.,WVI,5,7,,,,,24_W_Vancouver_Is,14,,,,,CR01
11225,11225,Tissue,,1,M,Ppho,CR12,48.633333,-124.833333,W. Vancouver Is.,WVI,5,7,,,,,24_W_Vancouver_Is,14,,,,,CR12
11227,11227,Tissue,,1,F,Ppho,CR12,48.633333,-124.833333,W. Vancouver Is.,WVI,5,7,,,,,24_W_Vancouver_Is,14,,,,,CR12
11228,11228,Tissue,,1,M,Ppho,CR01,48.633333,-124.833333,W. Vancouver Is.,WVI,5,7,,,,,24_W_Vancouver_Is,14,,,,,CR01
false_65,DFO5723,Tissue,,1,,Ppho,CR41,48.555,-124.854,,,,,Outside/North,,,,24_W_Vancouver_Is,14,Outside,W_Vancouver_Is,,,CR41
false_103,LBL98-14,Tissue,,1,,Ppho,CR84,48.666,-124.854,,,,,Outside/North,,,,24_W_Vancouver_Is,14,Outside,W_Vancouver_Is,,,CR84
1059,1059,Tissue,,1,M,Ppho,CR01,48.633333,-124.866666,W. Vancouver Is.,WVI,5,7,,,,,24_W_Vancouver_Is,14,,,,,CR01
7057,7057,Tissue,,1,M,Ppho,CR02,48.6,-124.916666,W. Vancouver Is.,WVI,5,7,,,,,24_W_Vancouver_Is,14,,,,,CR02
1061,1061,Tissue,,1,M,Ppho,CR01,48.7,-124.95,W. Vancouver Is.,WVI,5,7,,,,,24_W_Vancouver_Is,14,,,,,CR01
7046,7046,Tissue,,1,M,Ppho,CR01,48.783333,-125.2,W. Vancouver Is.,WVI,5,7,,,,,24_W_Vancouver_Is,14,,,,,CR01
false_56,DFO4609,Tissue,,1,,Ppho,CR01,48.83,-125.22,,,,,Outside/North,,,,24_W_Vancouver_Is,14,Outside,W_Vancouver_Is,,,CR01
1062,1062,Tissue,,1,F,Ppho,CR01,49.05,-125.716666,W. Vancouver Is.,WVI,5,7,,,,,24_W_Vancouver_Is,14,,,,,CR01
1080,1080,Tissue,,1,F,Ppho,CR01,49.05,-125.716666,W. Vancouver Is.,WVI,5,7,,,,,24_W_Vancouver_Is,14,,,CR seq confirmed from HiSeq Mitogenome,,CR01
false_53,DFO4345,Tissue,,1,,Ppho,CR01,49.048,-125.726,,,,,Outside/North,,,,24_W_Vancouver_Is,14,Outside,W_Vancouver_Is,,,CR01
1060,1060,Tissue,,1,M,Ppho,CR01,49.05,-125.733333,W. Vancouver Is.,WVI,5,7,,,,,24_W_Vancouver_Is,14,,,,,CR01
false_68,LBL00-02,Tissue,,1,,Ppho,CR03,49.069,-125.755,,,,,Outside/North,,,,24_W_Vancouver_Is,14,Outside,W_Vancouver_Is,,,CR03
false_74,LBL00-23,Tissue,,1,,Ppho,CR01,49.069,-125.755,,,,,Outside/North,,,,24_W_Vancouver_Is,14,Outside,W_Vancouver_Is,,,CR01
7051,7051,Tissue,,1,F,Ppho,CR01,49.066666,-125.833333,W. Vancouver Is.,WVI,5,7,,,,,24_W_Vancouver_Is,14,,,,,CR01
157163,LBL10-18,Tissue,,1,,Ppho,CR01,49.129,-125.904,,,,,Outside/North,,,,24_W_Vancouver_Is,14,Outside,W_Vancouver_Is,,,CR01
157165,LBL10-20,Tissue,,1,,Ppho,CR01,49.155,-125.905,,,,,Outside/North,,,,24_W_Vancouver_Is,14,Outside,W_Vancouver_Is,,,CR01
157170,DFO6443,Tissue,,1,,Ppho,CR01,49.156,-125.908,,,,,Outside/North,,,,24_W_Vancouver_Is,14,Outside,W_Vancouver_Is,,,CR01
157164,LBL10-19,Tissue,,1,,Ppho,CR01,49.155,-125.909,,,,,Outside/North,,,,24_W_Vancouver_Is,14,Outside,W_Vancouver_Is,,,CR01
7040,7040,Tissue,,1,F,Ppho,CR11,49.3,-126.016666,,,,,,,,,24_W_Vancouver_Is,14,,,,,CR11
false_31,DFO3399,Tissue,,1,,Ppho,CR148,49.293,-126.037,,,,,Outside/North,,,,24_W_Vancouver_Is,14,Outside,W_Vancouver_Is,,,CR148
false_105,LBL98-19,Tissue,,1,,Ppho,CR01,49.268,-126.142,,,,,Outside/North,,,,24_W_Vancouver_Is,14,Outside,W_Vancouver_Is,,,CR01
false_47,DFO4239,Tissue,,1,,Ppho,CR151,49.262,-126.23,,,,,Outside/North,,,,24_W_Vancouver_Is,14,Outside,W_Vancouver_Is,,,CR151
false_79,LBL00-30,Tissue,,1,,Ppho,CR85,49.647,-126.848,,,,,Outside/North,,,,24_W_Vancouver_Is,14,Outside,W_Vancouver_Is,,,CR85
false_50,DFO4273,Tissue,,1,,Ppho,CR02,49.179,-122.554,,,,,Inside,,,,25_Strait_of_Georgia,15,Inside,Strait_of_Georgia,,,CR02
false_24,BirchBay2006,Tissue,,1,,Ppho,CR03,48.915,-122.758,,,,,Inside,,,,25_Strait_of_Georgia,15,Inside,Strait_of_Georgia,,,CR03
157162,LBL10-29,Tissue,,1,,Ppho,CR01,49.017,-122.794,,,,,Inside,,,,25_Strait_of_Georgia,15,Inside,Strait_of_Georgia,,changed from San_Juan_Is,CR01
438,438,Tissue,,1,F,Ppho,CR01,49.016666,-122.8,Strait of Georgia,EVI,8,10,,,,,25_Strait_of_Georgia,15,,,,,CR01
439,439,Tissue,,1,M,Ppho,CR20,49.016666,-122.8,Strait of Georgia,EVI,8,10,,,,,25_Strait_of_Georgia,15,,,,,CR20
false_86,LBL07-12,Tissue,,1,,Ppho,CR03,49.021,-122.806,,,,,Inside,,,,25_Strait_of_Georgia,15,Inside,Strait_of_Georgia,,,CR03
false_97,LBL10-21,Tissue,,1,,Ppho,CR41,49.02,-122.807,,,,,Inside,,,,25_Strait_of_Georgia,15,Inside,Strait_of_Georgia,,,CR41
1077,1077,Tissue,,1,F,Ppho,CR06,49.033333,-122.933333,,,,,,,,,25_Strait_of_Georgia,15,,,,,CR06
15839,15839,Tissue,,1,F,Ppho,CR03,48.983333,-123.066666,Strait of Georgia,EVI,8,10,,,,,25_Strait_of_Georgia,15,,,,,CR03
false_35,DFO3539,Tissue,,1,,Ppho,CR03,49.008,-123.093,,,,,Inside,,,,25_Strait_of_Georgia,15,Inside,Strait_of_Georgia,,,CR03
false_23,AHC11930,Tissue,,1,,Ppho,CR14,49.021,-123.1,,,,,Inside,,,,25_Strait_of_Georgia,15,Inside,Strait_of_Georgia,,,CR14
false_91,LBL10-06,Tissue,,1,,Ppho,CR01,49.296,-123.162,,,,,Inside,,,,25_Strait_of_Georgia,15,Inside,Strait_of_Georgia,,,CR01
false_38,DFO3691,Tissue,,1,,Ppho,CR01,49.21,-123.209,,,,,Inside,,,,25_Strait_of_Georgia,15,Inside,Strait_of_Georgia,,,CR01
false_30,DFO3340,Tissue,,1,,Ppho,CR01,49.229,-123.243,,,,,Inside,,,,25_Strait_of_Georgia,15,Inside,Strait_of_Georgia,,,CR01
false_26,DFO1833,Tissue,,1,,Ppho,CR146,49.247,-123.262,,,,,Inside,,,,25_Strait_of_Georgia,15,Inside,Strait_of_Georgia,,,CR146
false_25,DFO1081,Tissue,,1,,Ppho,CR72,49.273,-123.269,,,,,Inside,,,,25_Strait_of_Georgia,15,Inside,Strait_of_Georgia,,,CR72
1084,1084,Tissue,,1,F,Ppho,CR01,49,-123.5,Strait of Georgia,EVI,8,10,,,,,25_Strait_of_Georgia,15,,,CR seq confirmed from HiSeq Mitogenome,,CR01
437,437,Tissue,,1,F,Ppho,CR01,49.15,-123.683333,Strait of Georgia,EVI,8,10,,,,,25_Strait_of_Georgia,15,,,,,CR01
444,444,Tissue,,1,F,Ppho,CR01,49.2,-123.833333,Strait of Georgia,EVI,8,10,,,,,25_Strait_of_Georgia,15,,,,,CR01
445,445,Tissue,,1,M,Ppho,CR01,49.2,-123.833333,,,,,,,,,25_Strait_of_Georgia,15,,,,,CR01
false_48,DFO4240,Tissue,,1,,Ppho,CR01,49.198,-123.963,,,,,Inside,,,,25_Strait_of_Georgia,15,Inside,Strait_of_Georgia,,,CR01
false_71,LBL00-19,Tissue,,1,,Ppho,CR03,49.235,-123.971,,,,,Inside,,,,25_Strait_of_Georgia,15,Inside,Strait_of_Georgia,,,CR03
false_84,LBL07-08,Tissue,,1,,Ppho,CR01,49.254,-124.072,,,,,Inside,,,,25_Strait_of_Georgia,15,Inside,Strait_of_Georgia,,,CR01
false_78,LBL00-27,Tissue,,1,,Ppho,CR01,49.509,-124.245,,,,,Inside,,,,25_Strait_of_Georgia,15,Inside,Strait_of_Georgia,,changed from San_Juan_Is,CR01
441,441,Tissue,,1,M,Ppho,CR01,49.316666,-124.25,Strait of Georgia,EVI,8,10,,,,,25_Strait_of_Georgia,15,,,,,CR01
1056,1056,Tissue,,1,M,Ppho,CR01,49.316666,-124.316666,Strait of Georgia,EVI,8,10,,,,,25_Strait_of_Georgia,15,,,,,CR01
7041,7041,Tissue,,1,F,Ppho,CR16,49.5,-124.333333,Strait of Georgia,EVI,8,10,,,,,25_Strait_of_Georgia,15,,,Ppho_Pdal hybrid (Kim Parsons),,CR16
false_58,DFO46442,Tissue,,1,,Ppho,CR01,49.364,-124.428,,,,,Inside,,,,25_Strait_of_Georgia,15,Inside,Strait_of_Georgia,,,CR01
7061,7061,Tissue,,1,M,Ppho,CR01,49.366666,-124.433333,Strait of Georgia,EVI,8,10,,,,,25_Strait_of_Georgia,15,,,,,CR01
false_20,AHC111641,Tissue,,1,,Ppho,CR01,49.357,-124.437,,,,,Inside,,,,25_Strait_of_Georgia,15,Inside,Strait_of_Georgia,,,CR01
false_43,DFO4065,Tissue,,1,,Ppho,CR01,49.804,-124.527,,,,,Inside,,,,25_Strait_of_Georgia,15,Inside,Strait_of_Georgia,,,CR01
false_5,AHC09-02921,Tissue,,1,,Ppho,CR01,49.848,-124.534,,,,,Inside,,,,25_Strait_of_Georgia,15,Inside,Strait_of_Georgia,,,CR01
7035,7035,Tissue,,1,M,Ppho,CR01,49.866666,-124.566666,Strait of Georgia,EVI,8,10,,,,,25_Strait_of_Georgia,15,,,,,CR01
442,442,Tissue,,1,F,Ppho,CR01,49.533333,-124.616666,Strait of Georgia,EVI,8,10,,,,,25_Strait_of_Georgia,15,,,,,CR01
443,443,Tissue,,1,M,Ppho,CR01,49.533333,-124.616666,Strait of Georgia,EVI,8,10,,,,,25_Strait_of_Georgia,15,,,,,CR01
1055,1055,Tissue,,1,M,Ppho,CR01,49.4,-124.616666,Strait of Georgia,EVI,8,10,,,,,25_Strait_of_Georgia,15,,,,,CR01
1079,1079,Tissue,,1,F,Ppho,CR01,49.4,-124.616666,Strait of Georgia,EVI,8,10,,,,,25_Strait_of_Georgia,15,,,,,CR01
7058,7058,Tissue,,1,F,Ppho,CR01,49.5,-124.683333,Strait of Georgia,EVI,8,10,,,,,25_Strait_of_Georgia,15,,,,,CR01
false_12,AHC11-150,Tissue,,1,,Ppho,CR03,49.58,-124.797,,,,,Inside,,,,25_Strait_of_Georgia,15,Inside,Strait_of_Georgia,,,CR03
7023,7023,Tissue,,1,F,Ppho,CR01,50.05,-124.9,Strait of Georgia,EVI,8,10,,,,,25_Strait_of_Georgia,15,,,,,CR01
7024,7024,Tissue,,1,M,Ppho,CR01,50.05,-124.9,,,,,,,,,25_Strait_of_Georgia,15,,,,,CR01
7032,7032,Tissue,,1,M,Ppho,CR16,49.65,-124.916666,Strait of Georgia,EVI,8,10,,,,,25_Strait_of_Georgia,15,,,,,CR16
false_60,DFO4723,Tissue,,1,,Ppho,CR16,49.662,-124.928,,,,,Inside,,,,25_Strait_of_Georgia,15,Inside,Strait_of_Georgia,,changed from San_Juan_Is,CR16
false_49,DFO4242,Tissue,,1,,Ppho,CR72,49.671,-124.934,,,,,Inside,,,,25_Strait_of_Georgia,15,Inside,Strait_of_Georgia,,,CR72
false_41,DFO3974,Tissue,,1,,Ppho,CR01,49.92,-125.184,,,,,Inside,,,,25_Strait_of_Georgia,15,Inside,Strait_of_Georgia,,,CR01
1078,1078,Tissue,,1,F,Ppho,CR01,50,-125.2,Strait of Georgia,EVI,8,10,,,,,25_Strait_of_Georgia,15,,,,,CR01
7029,7029,Tissue,,1,F,Ppho,CR01,50,-125.2,Strait of Georgia,EVI,8,10,,,,,25_Strait_of_Georgia,15,,,,,CR01
7034,7034,Tissue,,1,F,Ppho,CR01,50,-125.2,Strait of Georgia,EVI,8,10,,,,,25_Strait_of_Georgia,15,,,,,CR01
false_55,DFO4497,Tissue,,1,,Ppho,CR01,50.027,-125.239,,,,,Inside,,,,25_Strait_of_Georgia,15,Inside,Strait_of_Georgia,,,CR01
false_66,DFO5738,Tissue,,1,,Ppho,CR01,50.029,-125.243,,,,,Inside,,,,25_Strait_of_Georgia,15,Inside,Strait_of_Georgia,,,CR01
157166,LBL07-07,Tissue,,1,,Ppho,CR01,50.286,-125.35,,,,,Inside,,,,25_Strait_of_Georgia,15,Inside,Strait_of_Georgia,,,CR01
false_7,AHC10-1618,Tissue,,1,,Ppho,CR02,50.127,-125.36,,,,,Inside,,,,25_Strait_of_Georgia,15,Inside,Strait_of_Georgia,,,CR02
false_104,LBL98-15,Tissue,,1,,Ppho,CR12,50.456,-126.083,,,,,Inside,,,,25_Strait_of_Georgia,15,Inside,Strait_of_Georgia,,,CR12
false_29,DFO2788,Tissue,,1,,Ppho,CR21,50.684,-126.691,,,,,Inside,,,,25_Strait_of_Georgia,15,Inside,Strait_of_Georgia,,,CR21
false_61,DFO4819,Tissue,,1,,Ppho,CR01,50.779,-126.7,,,,,Inside,,,,25_Strait_of_Georgia,15,Inside,Strait_of_Georgia,,,CR01
false_85,LBL07-09,Tissue,,1,,Ppho,CR01,50.59,-127.101,,,,,Inside,,,,25_Strait_of_Georgia,15,Inside,Strait_of_Georgia,,,CR01
184834,184834,Tissue,,1,U,Ppho,,57.3298,-135.8604,Strait of Georgia,EVI,8,10,,,,,25_Strait_of_Georgia,15,,,,,
42191,42191,Tissue,,1,F,Ppho,CR03,48.75,-122.483333,San Juan Is.,SJ,7,9,,,,,26_San_Juan_Is,16,,,,,CR03
7081,7081,Tissue,,1,M,Ppho,CR02,48.533333,-122.633333,San Juan Is.,SJ,7,9,,,,,26_San_Juan_Is,16,,,,,CR02
7067,7067,Tissue,,1,F,Ppho,CR14,48.4,-122.683333,San Juan Is.,SJ,7,9,,,,,26_San_Juan_Is,16,,,,,CR14
false_10,AHC100516,Tissue,,1,,Ppho,CR13,48.744,-122.72,,,,,Inside,,,,26_San_Juan_Is,16,Inside,San_Juan_Is,,,CR13
157144,DFO4024,Tissue,,1,,Ppho,CR72,49.019,-122.808,,,,,Inside,,,,26_San_Juan_Is,16,Inside,Strait_of_Georgia,,,CR72
9489,9489,Tissue,,1,M,Ppho,CR03,48.6,-122.916666,San Juan Is.,SJ,7,9,,,,,26_San_Juan_Is,16,,,new priority 1,,CR03
false_1,AHC03-2356,Tissue,,1,,Ppho,CR03,48.454,-122.937,,,,,Inside,,,,26_San_Juan_Is,16,Inside,San_Juan_Is,,,CR03
40235,40235,Tissue,,1,F,Ppho,CR03,48.7118,-122.9496,San Juan Is.,SJ,7,9,,,,,26_San_Juan_Is,16,,,,,CR03
false_80,LBL00-31,Tissue,,1,,Ppho,CR03,48.45,-122.963,,,,,Inside,,,,26_San_Juan_Is,16,Inside,San_Juan_Is,,,CR03
7083,7083,Tissue,,1,M,Ppho,CR06,48.483333,-122.966666,San Juan Is.,SJ,7,9,,,,,26_San_Juan_Is,16,,,,,CR06
7042,7042,Tissue,,1,M,Ppho,CR01,48.533333,-123,San Juan Is.,SJ,7,9,,,,,26_San_Juan_Is,16,,,,,CR01
7069,7069,Tissue,,1,M,Ppho,CR10,48.5,-123,San Juan Is.,SJ,7,9,,,,,26_San_Juan_Is,16,,,new priority 1,,CR10
34541,34541,Tissue,,1,F,Ppho,CR03,48.583333,-123,San Juan Is.,SJ,7,9,,,,,26_San_Juan_Is,16,,,,,CR03
34542,34542,Tissue,,1,F,Ppho,CR01,48.516666,-123,San Juan Is.,SJ,7,9,,,,,26_San_Juan_Is,16,,,,,CR01
34544,34544,Tissue,,1,F,Ppho,CR03,48.4615,-123.0193,San Juan Is.,SJ,7,9,,,,,26_San_Juan_Is,16,,,,,CR03
false_2,AHC06-02388,Tissue,,1,,Ppho,CR144,48.071,-123.027,,,,,Inside,,,,26_San_Juan_Is,16,Inside,San_Juan_Is,,,CR144
34550,34550,Tissue,,1,M,Ppho,CR01,48.458,-123.0366,San Juan Is.,SJ,7,9,,,,,26_San_Juan_Is,16,,,,,CR01
7080,7080,Tissue,,1,M,Ppho,CR07,48.1,-123.083333,San Juan Is.,ST,7,9,,,,,26_San_Juan_Is,16,,,,,CR07
34545,34545,Tissue,,1,F,Ppho,CR06,48.166666,-123.133333,San Juan Is.,ST,7,9,,,,,26_San_Juan_Is,16,,,new priority 1,,CR06
false_102,LBL95-01,Tissue,,1,,Ppho,CR11,48.321,-123.158,,,,,Inside,,,,26_San_Juan_Is,16,Inside,San_Juan_Is,,changed from Strait_of_Georgia,CR11
false_90,LBL10-04,Tissue,,1,,Ppho,CR06,48.798,-123.243,,,,,Inside,,,,26_San_Juan_Is,16,Inside,San_Juan_Is,,,CR06
false_89,LBL09-11,Tissue,,1,,Ppho,CR38,48.746,-123.264,,,,,Inside,,,,26_San_Juan_Is,16,Inside,San_Juan_Is,,,CR38
7039,7039,Tissue,,1,M,Ppho,CR03,48.45,-123.283333,San Juan Is.,ST,7,9,,,,,26_San_Juan_Is,16,,,,,CR03
7047,7047,Tissue,,1,F,Ppho,CR02,48.4,-123.283333,San Juan Is.,ST,7,9,,,,,26_San_Juan_Is,16,,,,,CR02
false_76,LBL00-25,Tissue,,1,,Ppho,CR153,48.437,-123.291,,,,,Inside,,,,26_San_Juan_Is,16,Inside,San_Juan_Is,,,CR153
false_70,LBL00-18,Tissue,,1,,Ppho,CR38,48.457,-123.293,,,,,Inside,,,,26_San_Juan_Is,16,Inside,San_Juan_Is,,,CR38
false_19,AHC11-2200,Tissue,,1,,Ppho,CR03,48.411,-123.313,,,,,Inside,,,,26_San_Juan_Is,16,Inside,San_Juan_Is,,,CR03
false_44,DFO4098,Tissue,,1,,Ppho,CR150,48.417,-123.317,,,,,Inside,,,,26_San_Juan_Is,16,Inside,San_Juan_Is,,,CR150
false_57,DFO4635,Tissue,,1,,Ppho,CR32,48.408,-123.336,,,,,Inside,,,,26_San_Juan_Is,16,Inside,San_Juan_Is,,,CR32
false_18,AHC11-2199,Tissue,,1,,Ppho,CR14,48.407,-123.339,,,,,Inside,,,,26_San_Juan_Is,16,Inside,San_Juan_Is,,,CR14
false_69,LBL00-17,Tissue,,1,,Ppho,CR03,48.41,-123.34,,,,,Inside,,,,26_San_Juan_Is,16,Inside,San_Juan_Is,,,CR03
157155,DFO4838,Tissue,,1,,Ppho,CR02,48.408,-123.341,,,,,Inside,,,,26_San_Juan_Is,16,Inside,San_Juan_Is,P dal with P pho haplotype,,CR02
false_81,LBL0016,Tissue,,1,,Ppho,CR01,48.41,-123.341,,,,,Inside,,,,26_San_Juan_Is,16,Inside,San_Juan_Is,,,CR01
false_45,DFO4104,Tissue,,1,,Ppho,CR13,48.407,-123.345,,,,,Inside,,,,26_San_Juan_Is,16,Inside,San_Juan_Is,,,CR13
false_82,LBL03-15,Tissue,,1,,Ppho,CR03,48.403,-123.348,,,,,Inside,,,,26_San_Juan_Is,16,Inside,San_Juan_Is,,,CR03
false_42,DFO4064,Tissue,,1,,Ppho,CR12,48.406,-123.353,,,,,Inside,,,,26_San_Juan_Is,16,Inside,San_Juan_Is,,,CR12
false_93,LBL10-09,Tissue,,1,,Ppho,CR12,48.405,-123.359,,,,,Inside,,,,26_San_Juan_Is,16,Inside,San_Juan_Is,,,CR12
157142,LBL10-23,Tissue,,1,,Ppho,CR01,48.406,-123.365,,,,,Inside,,,,26_San_Juan_Is,16,Inside,San_Juan_Is,,,CR01
7052,7052,Tissue,,1,M,Ppho,CR03,48.416666,-123.366666,San Juan Is.,ST,7,9,,,,,26_San_Juan_Is,16,,,,,CR03
7055,7055,Tissue,,1,F,Ppho,CR01,48.416666,-123.366666,San Juan Is.,ST,7,9,,,,,26_San_Juan_Is,16,,,,,CR01
false_13,AHC11-1643,Tissue,,1,,Ppho,CR01,48.408,-123.367,,,,,Inside,,,,26_San_Juan_Is,16,Inside,San_Juan_Is,,,CR01
false_92,LBL10-08,Tissue,,1,,Ppho,CR38,48.407,-123.368,,,,,Inside,,,,26_San_Juan_Is,16,Inside,San_Juan_Is,,,CR38
false_39,DFO3819,Tissue,,1,,Ppho,CR01,48.417,-123.37,,,,,Inside,,,,26_San_Juan_Is,16,Inside,San_Juan_Is,,,CR01
false_100,LBL10-25,Tissue,,1,,Ppho,CR02,48.408,-123.372,,,,,Inside,,,,26_San_Juan_Is,16,Inside,San_Juan_Is,,,CR02
false_101,LBL10-26,Tissue,,1,,Ppho,CR03,48.423,-123.373,,,,,Inside,,,,26_San_Juan_Is,16,Inside,San_Juan_Is,,,CR03
false_33,DFO3410,Tissue,,1,,Ppho,CR01,48.409,-123.378,,,,,Inside,,,,26_San_Juan_Is,16,Inside,San_Juan_Is,,,CR01
157146,AHC11-1945,Tissue,,1,,Ppho,CR14,48.412,-123.381,,,,,,,,,26_San_Juan_Is,16,Inside,San_Juan_Is,,,CR14
false_63,DFO5649,Tissue,,1,,Ppho,CR01,48.41,-123.381,,,,,Inside,,,,26_San_Juan_Is,16,Inside,San_Juan_Is,,,CR01
false_37,DFO3599B,Tissue,,1,,Ppho,CR01,48.426,-123.382,,,,,Inside,,,,26_San_Juan_Is,16,Inside,San_Juan_Is,,,CR01
false_34,DFO3519,Tissue,,1,,Ppho,CR139,48.424,-123.383,,,,,Inside,,,,26_San_Juan_Is,16,Inside,San_Juan_Is,,,CR139
false_32,DFO3406,Tissue,,1,,Ppho,CR01,48.413,-123.384,,,,,Inside,,,,26_San_Juan_Is,16,Inside,San_Juan_Is,,,CR01
157143,DFO2227,Tissue,,1,,Ppho,CR01,48.414,-123.388,,,,,Inside,,,,26_San_Juan_Is,16,Inside,San_Juan_Is,,,CR01
false_28,DFO2400,Tissue,,1,,Ppho,CR01,48.417,-123.392,,,,,Inside,,,,26_San_Juan_Is,16,Inside,San_Juan_Is,,,CR01
false_36,DFO3599A?,Tissue,,1,,Ppho,CR01,48.425,-123.393,,,,,Inside,,,,26_San_Juan_Is,16,Inside,San_Juan_Is,,,CR01
false_88,LBL08-23,Tissue,,1,,Ppho,CR134,48.254,-123.393,,,,,Inside,,,,26_San_Juan_Is,16,Inside,San_Juan_Is,,,CR134
157141,LBL00-28,Tissue,,1,,Ppho,CR85,48.413,-123.397,,,,,,,,,26_San_Juan_Is,16,Inside,San_Juan_Is,,,CR85
false_46,DFO4126,Tissue,,1,,Ppho,CR84,48.417,-123.4,,,,,Inside,,,,26_San_Juan_Is,16,Inside,San_Juan_Is,,,CR84
1082,1082,Tissue,,1,M,Ppho,CR02,48.416666,-123.4,,,,,,,,,26_San_Juan_Is,16,,,CR seq extracted from HiSeq Mitogenome,,CR02
440,440,Tissue,,1,M,Ppho,CR10,48.416666,-123.4,San Juan Is.,ST,7,9,,,,,26_San_Juan_Is,16,,,new priority 1,,CR10
false_95,LBL10-14,Tissue,,1,,Ppho,CR01,48.415,-123.409,,,,,Inside,,,,26_San_Juan_Is,16,Inside,San_Juan_Is,,,CR01
157159,SWDP95-13,Tissue,,1,,Ppho,CR01,48.42,-123.411,,,,,,,,,26_San_Juan_Is,16,Inside,San_Juan_Is,,,CR01
false_8,AHC10-4951,Tissue,,1,,Ppho,CR03,48.751,-123.413,,,,,Inside,,,,26_San_Juan_Is,16,Inside,San_Juan_Is,,,CR03
7060,7060,Tissue,,1,F,Ppho,CR02,48.433333,-123.416666,San Juan Is.,ST,7,9,,,,,26_San_Juan_Is,16,,,,,CR02
7070,7070,Tissue,,1,F,Ppho,CR14,48.133333,-123.416666,San Juan Is.,ST,7,9,,,,,26_San_Juan_Is,16,,,,,CR14
false_73,LBL00-22,Tissue,,1,,Ppho,CR01,48.419,-123.419,,,,,Inside,,,,26_San_Juan_Is,16,Inside,San_Juan_Is,,,CR01
false_83,LBL05-30,Tissue,,1,,Ppho,CR01,48.42,-123.421,,,,,Inside,,,,26_San_Juan_Is,16,Inside,San_Juan_Is,,,CR01
false_17,AHC11-2198,Tissue,,1,,Ppho,CR32,48.432,-123.429,,,,,Inside,,,,26_San_Juan_Is,16,Inside,San_Juan_Is,,,CR32
false_22,AHC112201,Tissue,,1,,Ppho,CR01,48.425,-123.43,,,,,Inside,,,,26_San_Juan_Is,16,Inside,San_Juan_Is,,,CR01
7050,7050,Tissue,,1,M,Ppho,CR01,48.416666,-123.433333,San Juan Is.,ST,7,9,,,,,26_San_Juan_Is,16,,,new priority 1,,CR01
34548,34548,Tissue,,1,F,Ppho,CR01,48.133333,-123.433333,San Juan Is.,ST,7,9,,,,,26_San_Juan_Is,16,,,,,CR01
false_27,DFO2250,Tissue,,1,,Ppho,CR14,48.826,-123.441,,,,,Inside,,,,26_San_Juan_Is,16,Inside,San_Juan_Is,,,CR14
false_14,AHC11-1987,Tissue,,1,,Ppho,CR14,48.756,-123.445,,,,,Inside,,,,26_San_Juan_Is,16,Inside,San_Juan_Is,,,CR14
false_16,AHC11-2197,Tissue,,1,,Ppho,CR01,48.431,-123.447,,,,,Inside,,,,26_San_Juan_Is,16,Inside,San_Juan_Is,,,CR01
7065,7065,Tissue,,1,M,Ppho,CR14,48.416666,-123.466666,San Juan Is.,ST,7,9,,,,,26_San_Juan_Is,16,,,new priority 1,,CR14
false_15,AHC11-2196,Tissue,,1,,Ppho,CR145,48.418,-123.468,,,,,Inside,,,,26_San_Juan_Is,16,Inside,San_Juan_Is,,,CR145
false_59,DFO4679,Tissue,,1,,Ppho,CR13,48.428,-123.473,,,,,Inside,,,,26_San_Juan_Is,16,Inside,San_Juan_Is,,,CR13
false_77,LBL00-26,Tissue,,1,,Ppho,CR02,48.384,-123.515,,,,,Inside,,,,26_San_Juan_Is,16,Inside,San_Juan_Is,,,CR02
false_21,AHC111642,Tissue,,1,,Ppho,CR36,48.378,-123.52,,,,,Inside,,,,26_San_Juan_Is,16,Inside,San_Juan_Is,,,CR36
false_54,DFO4494,Tissue,,1,,Ppho,CR03,48.35,-123.53,,,,,Inside,,,,26_San_Juan_Is,16,Inside,San_Juan_Is,,,CR03
157169,DFO4448,Tissue,,1,,Ppho,CR10,48.351,-123.531,,,,,Outside/North,,,,26_San_Juan_Is,16,Outside,San_Juan_Is,,chnaged from W_Vancouver_Is,CR10
false_62,DFO5648,Tissue,,1,,Ppho,CR03,48.299,-123.533,,,,,Inside,,,,26_San_Juan_Is,16,Inside,San_Juan_Is,,,CR03
7043,7043,Tissue,,1,M,Ppho,CR10,48.35,-123.533333,San Juan Is.,ST,7,9,,,,,26_San_Juan_Is,16,,,new priority 1,,CR10
false_94,LBL10-13,Tissue,,1,,Ppho,CR36,48.3,-123.534,,,,,Inside,,,,26_San_Juan_Is,16,Inside,San_Juan_Is,,,CR36
false_107,SWDP97-09,Tissue,,1,,Ppho,CR13,48.352,-123.544,,,,,Inside,,,,26_San_Juan_Is,16,Inside,San_Juan_Is,,,CR13
false_87,LBL08-19,Tissue,,1,,Ppho,CR01,48.333,-123.547,,,,,Inside,,,,26_San_Juan_Is,16,Inside,San_Juan_Is,,,CR01
false_75,LBL00-24,Tissue,,1,,Ppho,CR01,48.339,-123.553,,,,,Inside,,,,26_San_Juan_Is,16,Inside,San_Juan_Is,,,CR01
false_67,DFO6445,Tissue,,1,,Ppho,CR13,48.235,-123.567,,,,,Inside,,,,26_San_Juan_Is,16,Inside,San_Juan_Is,,,CR13
false_64,DFO56512,Tissue,,1,,Ppho,CR152,48.811,-123.602,,,,,Inside,,,,26_San_Juan_Is,16,Inside,San_Juan_Is,,changed from Strait_of_Georgia,CR152
false_51,DFO4298,Tissue,,1,,Ppho,CR11,48.33,-123.617,,,,,Inside,,,,26_San_Juan_Is,16,Inside,San_Juan_Is,,,CR11
7031,7031,Tissue,,1,F,Ppho,CR11,48.316666,-123.633333,San Juan Is.,ST,7,9,,,,,26_San_Juan_Is,16,,,,,CR11
7038,7038,Tissue,,1,F,Ppho,CR36,48.316666,-123.65,San Juan Is.,ST,7,9,,,,,26_San_Juan_Is,16,,,,,CR36
false_52,DFO4327,Tissue,,1,,Ppho,CR14,48.369,-123.712,,,,,Inside,,,,26_San_Juan_Is,16,Inside,San_Juan_Is,,,CR14
false_96,LBL10-17,Tissue,,1,,Ppho,CR07,48.373,-123.715,,,,,Inside,,,,26_San_Juan_Is,16,Inside,San_Juan_Is,,,CR07
false_72,LBL00-20,Tissue,,1,,Ppho,CR14,48.37,-123.717,,,,,Inside,,,,26_San_Juan_Is,16,Inside,San_Juan_Is,,,CR14
7033,7033,Tissue,,1,M,Ppho,CR14,48.35,-123.8,San Juan Is.,ST,7,9,,,,,26_San_Juan_Is,16,,,,,CR14
false_106,SWDP96-11,Tissue,,1,,Ppho,CR153,48.357,-123.822,,,,,Inside,,,,26_San_Juan_Is,16,Inside,San_Juan_Is,,,CR153
false_99,LBL10-24,Tissue,,1,,Ppho,CR01,47.651,-122.295,,,,,Inside,,,,27_Puget_Sound,17,Inside,Puget_Sound,,changed from San_Juan_Is,CR01
91228,91228,Tissue,,1,F,Ppho,CR07,47.4,-122.333333,,,,,,,,,27_Puget_Sound,17,,,,,CR07
false_11,AHC101907,Tissue,,1,,Ppho,CR01,47.607,-122.35,,,,,Inside,,,,27_Puget_Sound,17,Inside,Puget_Sound,,,CR01
false_9,AHC100515,Tissue,,1,,Ppho,CR01,48.198,-122.354,,,,,Inside,,,,27_Puget_Sound,17,Inside,Puget_Sound,,,CR01
157145,AHC10-514,Tissue,,1,,Ppho,CR03,48.318,-122.375,,,,,Inside,,,,27_Puget_Sound,17,Inside,Puget_Sound,,,CR03
91236,91236,Tissue,,1,M,Ppho,CR03,47.583333,-122.416666,,,,,,,,,27_Puget_Sound,17,,,,,CR03
91235,91235,Tissue,,1,F,Ppho,CR01,47.433333,-122.433333,,,,,,,,,27_Puget_Sound,17,,,,,CR01
1358,1358,Tissue,,1,F,Ppho,CR04,47.7237,-122.4713,,,,,,,,,27_Puget_Sound,17,,,"Lat/Lon incorrect, but location = Tacoma, Puget sound",,CR04
false_4,AHC072921,Tissue,,1,,Ppho,CR01,47.972,-122.478,,,,,Inside,,,,27_Puget_Sound,17,Inside,Puget_Sound,,,CR01
91246,91246,Tissue,,1,F,Ppho,CR40,47.783333,-122.483333,,,,,,,,,27_Puget_Sound,17,,,,,CR40
113576,113576,Tissue,,1,F,Ppho,CR03,47.7448,-122.499,,,,,,,,,27_Puget_Sound,17,,,,,CR03
133281,133281,Tissue,,1,F,Ppho,CR07,47.7,-122.5,,,,,,,,,27_Puget_Sound,17,,,,,CR07
133282,133282,Tissue,,1,M,Ppho,CR02,47.666666,-122.5,,,,,,,,,27_Puget_Sound,17,,,,,CR02
146217,146217,Tissue,,1,F,Ppho,CR07,47.6545,-122.514,,,,,,,,,27_Puget_Sound,17,,,,,CR07
116966,116966,Tissue,,1,M,Ppho,CR01,47.7467,-122.5223,,,,,,,,,27_Puget_Sound,17,,,,,CR01
146197,146197,Tissue,,1,F,Ppho,CR03,47.7047,-122.5309,,,,,,,,,27_Puget_Sound,17,,,,,CR03
133272,133272,Tissue,,1,M,Ppho,CR14,47.9,-122.583333,,,,,,,,,27_Puget_Sound,17,,,,,CR14
34549,34549,Tissue,,1,F,Ppho,CR13,48.066666,-122.6,,,,,,,,,27_Puget_Sound,17,,,,,CR13
91245,91245,Tissue,,1,F,Ppho,CR01,47.85,-122.616666,,,,,,,,,27_Puget_Sound,17,,,,,CR01
123922,123922,Tissue,,1,F,Ppho,CR01,47.8316,-122.6367,,,,,,,,,27_Puget_Sound,17,,,,,CR01
34547,34547,Tissue,,1,M,Ppho,CR03,48.15,-122.666666,,,,,,,,,27_Puget_Sound,17,,,,,CR03
73111,73111,Tissue,,1,M,Ppho,CR03,47.366666,-122.683333,,,,,,,,,27_Puget_Sound,17,,,,,CR03
113572,113572,Tissue,,1,M,Ppho,,47.5269,-122.6966,,,,,,,,,27_Puget_Sound,17,,,,,
91241,91241,Tissue,,1,M,Ppho,CR01,48.016666,-122.733333,,,,,,,,,27_Puget_Sound,17,,,,,CR01
1139,1139,Tissue,,1,M,Ppho,CR03,47.2,-122.916666,,,,,,,,,27_Puget_Sound,17,,,,,CR03
40216,40216,Tissue,,1,M,Ppho,,48.283333,-124.383333,Neah Bay,,,,,,,,28_Neah_Bay,18,,,,,
40213,40213,Tissue,,1,F,Ppho,CR03,48.283333,-124.383333,Neah Bay,NB,6,8,,,,,28_Neah_Bay,18,,,,,CR03
40214,40214,Tissue,,1,M,Ppho,CR01,48.283333,-124.383333,Neah Bay,NB,6,8,,,,,28_Neah_Bay,18,,,,,CR01
40215,40215,Tissue,,1,M,Ppho,CR10,48.283333,-124.383333,Neah Bay,NB,6,8,,,,,28_Neah_Bay,18,,,,,CR10
40217,40217,Tissue,,1,M,Ppho,CR03,48.283333,-124.383333,Neah Bay,NB,6,8,,,,,28_Neah_Bay,18,,,,,CR03
40218,40218,Tissue,,1,F,Ppho,CR01,48.283333,-124.383333,Neah Bay,NB,6,8,,,,,28_Neah_Bay,18,,,,,CR01
40219,40219,Tissue,,1,F,Ppho,CR32,48.283333,-124.383333,Neah Bay,NB,6,8,,,,,28_Neah_Bay,18,,,,,CR32
40220,40220,Tissue,,1,M,Ppho,CR03,48.283333,-124.383333,Neah Bay,NB,6,8,,,,,28_Neah_Bay,18,,,,,CR03
40221,40221,Tissue,,1,F,Ppho,CR01,48.283333,-124.383333,Neah Bay,NB,6,8,,,,,28_Neah_Bay,18,,,,,CR01
40222,40222,Tissue,,1,M,Ppho,CR03,48.283333,-124.383333,Neah Bay,NB,6,8,,,,,28_Neah_Bay,18,,,,,CR03
40223,40223,Tissue,,1,M,Ppho,CR03,48.283333,-124.383333,Neah Bay,NB,6,8,,,,,28_Neah_Bay,18,,,,,CR03
40224,40224,Tissue,,1,F,Ppho,CR11,48.283333,-124.383333,Neah Bay,NB,6,8,,,,,28_Neah_Bay,18,,,,,CR11
40225,40225,Tissue,,1,F,Ppho,CR11,48.283333,-124.383333,Neah Bay,NB,6,8,,,,,28_Neah_Bay,18,,,,,CR11
40226,40226,Tissue,,1,F,Ppho,CR03,48.283333,-124.383333,Neah Bay,NB,6,8,,,,,28_Neah_Bay,18,,,,,CR03
40227,40227,Tissue,,1,F,Ppho,CR03,48.283333,-124.383333,Neah Bay,NB,6,8,,,,,28_Neah_Bay,18,,,,,CR03
40228,40228,Tissue,,1,F,Ppho,CR03,48.283333,-124.383333,Neah Bay,NB,6,8,,,,,28_Neah_Bay,18,,,,,CR03
40229,40229,Tissue,,1,F,Ppho,CR07,48.283333,-124.383333,Neah Bay,NB,6,8,,,,,28_Neah_Bay,18,,,,,CR07
40230,40230,Tissue,,1,M,Ppho,CR03,48.283333,-124.383333,Neah Bay,NB,6,8,,,,,28_Neah_Bay,18,,,,,CR03
40231,40231,Tissue,,1,M,Ppho,CR03,48.283333,-124.383333,Neah Bay,NB,6,8,,,,,28_Neah_Bay,18,,,,,CR03
40232,40232,Tissue,,1,M,Ppho,CR03,48.283333,-124.383333,Neah Bay,NB,6,8,,,,,28_Neah_Bay,18,,,,,CR03
40233,40233,Tissue,,1,F,Ppho,,48.283333,-124.383333,Neah Bay,NB,6,8,,,,,28_Neah_Bay,18,,,,,
40234,40234,Tissue,,1,M,Ppho,CR01,48.283333,-124.383333,Neah Bay,NB,6,8,,,,,28_Neah_Bay,18,,,,,CR01
9485,9485,Tissue,,1,M,Ppho,CR03,48.333333,-124.683333,,,,,,,,,29_Spike_Rock,19,,,,,CR03
715,715,Tissue,,1,F,Ppho,CR02,48.25,-124.7,Spike Rock,SR,4,6,,,,,29_Spike_Rock,19,,,,,CR02
716,716,Tissue,,1,F,Ppho,CR17,48.25,-124.7,Spike Rock,SR,4,6,,,,,29_Spike_Rock,19,,,,,CR17
717,717,Tissue,,1,M,Ppho,CR38,48.25,-124.7,Spike Rock,SR,4,6,,,,,29_Spike_Rock,19,,,,,CR38
718,718,Tissue,,1,F,Ppho,CR02,48.25,-124.7,Spike Rock,SR,4,6,,,,,29_Spike_Rock,19,,,,,CR02
719,719,Tissue,,1,F,Ppho,CR02,48.25,-124.7,Spike Rock,SR,4,6,,,,,29_Spike_Rock,19,,,,,CR02
720,720,Tissue,,1,M,Ppho,CR12,48.25,-124.7,Spike Rock,SR,4,6,,,,,29_Spike_Rock,19,,,,,CR12
721,721,Tissue,,1,F,Ppho,CR02,48.25,-124.7,Spike Rock,SR,4,6,,,,,29_Spike_Rock,19,,,,,CR02
722,722,Tissue,,1,F,Ppho,,48.25,-124.7,Spike Rock,SR,4,6,,,,,29_Spike_Rock,19,,,,,
723,723,Tissue,,1,F,Ppho,CR01,48.25,-124.7,Spike Rock,SR,4,6,,,,,29_Spike_Rock,19,,,,,CR01
724,724,Tissue,,1,M,Ppho,,48.25,-124.7,Spike Rock,SR,4,6,,,,,29_Spike_Rock,19,,,,,
1063,1063,Tissue,,1,M,Ppho,CR03,48.25,-124.7,Spike Rock,SR,4,6,,,,,29_Spike_Rock,19,,,,,CR03
1064,1064,Tissue,,1,M,Ppho,CR11,48.25,-124.7,Spike Rock,SR,4,6,,,,,29_Spike_Rock,19,,,,,CR11
1065,1065,Tissue,,1,M,Ppho,CR01,48.25,-124.7,Spike Rock,SR,4,6,,,,,29_Spike_Rock,19,,,,,CR01
1351,1351,Tissue,,1,M,Ppho,CR01,48.25,-124.7,Spike Rock,SR,4,6,,,,,29_Spike_Rock,19,,,,,CR01
1356,1356,Tissue,,1,F,Ppho,CR01,48.25,-124.7,Spike Rock,SR,4,6,,,,,29_Spike_Rock,19,,,,,CR01
9483,9483,Tissue,,1,F,Ppho,CR02,48.233333,-124.716666,,,,,,,,,29_Spike_Rock,19,,,,,CR02
9484,9484,Tissue,,1,F,Ppho,CR02,48.233333,-124.716666,,,,,,,,,29_Spike_Rock,19,,,,,CR02
9475,9475,Tissue,,1,M,Ppho,CR41,48.366666,-124.733333,,,,,,,,,29_Spike_Rock,19,,,,,CR41
9482,9482,Tissue,,1,M,Ppho,CR04,48.366666,-124.733333,,,,,,,,,29_Spike_Rock,19,,,,,CR04
61987,61987,Tissue,,1,F,Ppho,CR04,46.9728,-123.8068,,,,,,,,,30_ORWA_Coast,20,,,,,CR04
9488,9488,Tissue,,1,M,Ppho,CR01,46.183333,-123.816666,Columbia R.,SCR,4,5,,,,,30_ORWA_Coast,20,,,,,CR01
7072,7072,Tissue,,1,M,Ppho,CR03,46.016666,-123.9,Columbia R.,SCR,4,5,,,,,30_ORWA_Coast,20,,,,,CR03
13347,13347,Tissue,,1,F,Ppho,CR03,45.5,-123.9,Oregon,SCR,3,4,,,,,30_ORWA_Coast,20,,,,,CR03
9520,9520,Tissue,,1,M,Ppho,CR01,46,-123.916666,Columbia R.,SCR,4,5,,,,,30_ORWA_Coast,20,,,,,CR01
13345,13345,Tissue,,1,F,Ppho,CR01,45.966666,-123.933333,Oregon,SCR,3,4,,,,,30_ORWA_Coast,20,,,,,CR01
13348,13348,Tissue,,1,M,Ppho,CR01,45.866666,-123.95,Oregon,SCR,3,4,,,,,30_ORWA_Coast,20,,,,,CR01
45474,45474,Tissue,,1,M,Ppho,CR01,45.833333,-123.95,Columbia R.,SCR,4,5,,,,,30_ORWA_Coast,20,,,,,CR01
1353,1353,Tissue,,1,F,Ppho,CR15,46.716666,-123.966666,Columbia R.,NCR,4,5,,,,,30_ORWA_Coast,20,,,,,CR15
9509,9509,Tissue,,1,M,Ppho,CR10,45.833333,-123.983333,Columbia R.,SCR,4,5,,,,,30_ORWA_Coast,20,,,,,CR10
34551,34551,Tissue,,1,M,Ppho,CR02,46.35,-124.05,Columbia R.,NCR,4,5,,,,,30_ORWA_Coast,20,,,,,CR02
1068,1068,Tissue,,1,M,Ppho,CR02,46.45,-124.066666,Columbia R.,NCR,4,5,,,,,30_ORWA_Coast,20,,,,,CR02
9510,9510,Tissue,,1,M,Ppho,CR43,46.666666,-124.083333,Columbia R.,NCR,4,5,,,,,30_ORWA_Coast,20,,,,,CR43
146195,146195,Tissue,,1,M,Ppho,CR17,46.7894,-124.1002,,,,,,,,,30_ORWA_Coast,20,,,,,CR17
false_6,AHC0903252,Tissue,,1,,Ppho,CR01,46.811,-124.102,,,,,Outside/North,,,,30_ORWA_Coast,20,ORWA_Coast,ORWA_Coast,,,CR01
123914,123914,Tissue,,1,M,Ppho,CR01,46.95,-124.116666,,,,,,,,,30_ORWA_Coast,20,,,,,CR01
146203,146203,Tissue,,1,F,Ppho,CR01,46.858,-124.117,,,,,,,,,30_ORWA_Coast,20,,,,,CR01
146201,146201,Tissue,,1,F,Ppho,CR04,46.889,-124.128,,,,,,,,,30_ORWA_Coast,20,,,,,CR04
133278,133278,Tissue,,1,F,Ppho,,46.883333,-124.133333,,,,,,,,,30_ORWA_Coast,20,,,,,
7066,7066,Tissue,,1,F,Ppho,CR37,47,-124.166666,Columbia R.,CWA,4,5,,,,,30_ORWA_Coast,20,,,,,CR37
37632,37632,Tissue,,1,M,Ppho,CR02,47.05,-124.166666,Columbia R.,CWA,4,5,,,,,30_ORWA_Coast,20,,,,,CR02
133266,133266,Tissue,,1,F,Ppho,CR01,46.933333,-124.166666,,,,,,,,,30_ORWA_Coast,20,,,,,CR01
146199,146199,Tissue,,1,M,Ppho,CR01,47.0067,-124.1746,,,,,,,,,30_ORWA_Coast,20,,,,,CR01
false_3,AHC06-3276,Tissue,,1,,Ppho,CR12,46.928,-124.175,,,,,Outside/North,,,,30_ORWA_Coast,20,ORWA_Coast,ORWA_Coast,,,CR12
146207,146207,Tissue,,1,M,Ppho,CR01,47.0869,-124.1788,,,,,,,,,30_ORWA_Coast,20,,,,,CR01
146189,146189,Tissue,,1,M,Ppho,CR01,47.1093,-124.1826,,,,,,,,,30_ORWA_Coast,20,,,,,CR01
146206,146206,Tissue,,1,M,Ppho,CR01,47.175,-124.1971,,,,,,,,,30_ORWA_Coast,20,,,,,CR01
133270,133270,Tissue,,1,M,Ppho,CR01,47.233333,-124.216666,,,,,,,,,30_ORWA_Coast,20,,,,,CR01
146213,146213,Tissue,,1,M,Ppho,CR04,47.3031,-124.263,,,,,,,,,30_ORWA_Coast,20,,,,,CR04
9477,9477,Tissue,,1,M,Ppho,CR19,47.216666,-124.3,Columbia R.,CWA,4,5,,,,,30_ORWA_Coast,20,,,,,CR19
45408,45408,Tissue,,1,F,Ppho,CR01,47.633333,-124.566666,Columbia R.,CWA,4,5,,,,,30_ORWA_Coast,20,,,,,CR01
5102,5102,Tissue,,1,M,Ppho,CR34,41.5,-124.083333,N. Calif.,NCA,3,3,,,,,31_NoCal_OR,21,,,,,CR34
5041,5041,Tissue,,1,M,Ppho,,40.983333,-124.116666,,,,,,,,,31_NoCal_OR,21,,,,,
17825,17825,Tissue,,1,U,Ppho,,40.916666,-124.116666,N. Calif.,NCA,3,3,,,,,31_NoCal_OR,21,,,Tooth/dry muscle DNA; OK concentration,,
17837,17837,Tissue,,1,M,Ppho,CR01,41,-124.116666,N. Calif.,NCA,3,3,,,,,31_NoCal_OR,21,,,Tooth/dry muscle DNA,,CR01
5103,5103,Tissue,,1,M,Ppho,CR03,41.05,-124.133333,N. Calif.,NCA,3,3,,,,,31_NoCal_OR,21,,,,,CR03
17835,17835,Tissue,,1,M,Ppho,,41.016666,-124.133333,N. Calif.,NCA,3,3,,,,,31_NoCal_OR,21,,,Tooth/dry muscle DNA; OK concentration,,
17840,17840,Tissue,,1,U,Ppho,,40.933333,-124.133333,N. Calif.,NCA,3,3,,,,,31_NoCal_OR,21,,,Tooth/dry muscle DNA; OK concentration,,
3753,3753,Tissue,,1,M,Ppho,,41.716666,-124.15,,,,,,,,,31_NoCal_OR,21,,,,,
17842,17842,Tissue,,1,U,Ppho,CR02,40.866666,-124.15,N. Calif.,NCA,3,3,,,,,31_NoCal_OR,21,,,Tooth/dry muscle DNA; OK concentration,,CR02
17846,17846,Tissue,,1,F,Ppho,CR02,40.866666,-124.15,N. Calif.,NCA,3,3,,,,,31_NoCal_OR,21,,,Tooth/dry muscle DNA,,CR02
17850,17850,Tissue,,1,F,Ppho,CR01,41,-124.15,N. Calif.,NCA,3,3,,,,,31_NoCal_OR,21,,,Tooth/dry muscle DNA; OK concentration,,CR01
3751,3751,Tissue,,1,M,Ppho,,40.8,-124.166666,,,,,,,,,31_NoCal_OR,21,,,,,
3752,3752,Tissue,,1,M,Ppho,,40.833333,-124.166666,,,,,,,,,31_NoCal_OR,21,,,,,
16593,16593,Tissue,,1,M,Ppho,CR13,40.916666,-124.166666,N. Calif.,NCA,3,3,,,,,31_NoCal_OR,21,,,,,CR13
17832,17832,Tissue,,1,M,Ppho,,40.816666,-124.183333,N. Calif.,NCA,3,3,,,,,31_NoCal_OR,21,,,Tooth/dry muscle DNA; OK concentration,,
17834,17834,Tissue,,1,F,Ppho,CR18,40.816666,-124.183333,N. Calif.,NCA,3,3,,,,,31_NoCal_OR,21,,,Tooth/dry muscle DNA; OK concentration,,CR18
17843,17843,Tissue,,1,U,Ppho,CR01,40.816666,-124.183333,N. Calif.,NCA,3,3,,,,,31_NoCal_OR,21,,,Tooth/dry muscle DNA,,CR01
17848,17848,Tissue,,1,F,Ppho,CR31,40.816666,-124.183333,N. Calif.,NCA,3,3,,,,,31_NoCal_OR,21,,,Tooth/dry muscle DNA,,CR31
17822,17822,Tissue,,1,F,Ppho,CR07,40.75,-124.2,N. Calif.,NCA,3,3,,,,,31_NoCal_OR,21,,,,,CR07
17823,17823,Tissue,,1,U,Ppho,CR15,40.75,-124.2,N. Calif.,NCA,3,3,,,,,31_NoCal_OR,21,,,Tooth/dry muscle DNA,,CR15
17830,17830,Tissue,,1,U,Ppho,CR01,40.75,-124.2,N. Calif.,NCA,3,3,,,,,31_NoCal_OR,21,,,Tooth/dry muscle DNA,,CR01
24821,24821,Tissue,,1,M,Ppho,CR01,41.75,-124.2,N. Calif.,NCA,3,3,,,,,31_NoCal_OR,21,,,"lat/lon=CA, but source = AK",,CR01
17845,17845,Tissue,,1,F,Ppho,,40.683333,-124.233333,N. Calif.,NCA,3,3,,,,,31_NoCal_OR,21,,,Tooth/dry muscle DNA; OK concentration,,
17836,17836,Tissue,,1,F,Ppho,CR01,42,-124.25,N. Calif.,NCA,3,3,,,,,31_NoCal_OR,21,,,Tooth/dry muscle DNA; OK concentration,,CR01
4810,4810,Tissue,,1,F,Ppho,CR01,40.166666,-124.266666,N. Calif.,NCA,3,3,,,,,31_NoCal_OR,21,,,,,CR01
113538,113538,Tissue,,1,M,Ppho,CR01,42.044002,-124.268296,,,,,,,,,31_NoCal_OR,21,,,,,CR01
9184,9184,Tissue,,1,F,Ppho,CR11,44.95,-124,,,,,,,,,32_NoCal_OR,22,,,,,CR11
45468,45468,Tissue,,1,M,Ppho,CR10,44.95,-124.016666,Oregon,SOR,3,4,,,,,32_NoCal_OR,22,,,,,CR10
45470,45470,Tissue,,1,M,Ppho,CR03,44.95,-124.016666,Oregon,SOR,3,4,,,,,32_NoCal_OR,22,,,,,CR03
9515,9515,Tissue,,1,M,Ppho,CR01,44.633333,-124.05,Oregon,SOR,3,4,,,,,32_NoCal_OR,22,,,,,CR01
9517,9517,Tissue,,1,M,Ppho,CR01,44.666666,-124.05,Oregon,SOR,3,4,,,,,32_NoCal_OR,22,,,,,CR01
9814,9814,Tissue,,1,M,Ppho,CR01,44.633333,-124.05,Oregon,OR,3,4,,,,,32_NoCal_OR,22,,,,,CR01
1360,1360,Tissue,,1,M,Ppho,CR01,44.633333,-124.066666,Oregon,SOR,3,4,,,,,32_NoCal_OR,22,,,,,CR01
9516,9516,Tissue,,1,F,Ppho,,44.416666,-124.066666,,,,,,,,,32_NoCal_OR,22,,,,,
23304,23304,Tissue,,1,F,Ppho,CR10,44.416666,-124.066666,Oregon,SOR,3,4,,,,,32_NoCal_OR,22,,,,,CR10
45467,45467,Tissue,,1,M,Ppho,CR23,44.416666,-124.066666,Oregon,SOR,3,4,,,,,32_NoCal_OR,22,,,,,CR23
45469,45469,Tissue,,1,M,Ppho,CR01,44.416666,-124.066666,Oregon,SOR,3,4,,,,,32_NoCal_OR,22,,,,,CR01
1359,1359,Tissue,,1,F,Ppho,CR01,44.433333,-124.083333,Oregon,SOR,3,4,,,,,32_NoCal_OR,22,,,,,CR01
15111,15111,Tissue,,1,F,Ppho,CR15,43.85,-124.133333,Oregon,SOR,3,4,,,,,32_NoCal_OR,22,,,,,CR15
1357,1357,Tissue,,1,F,Ppho,CR18,44,-124.166666,Oregon,SOR,3,4,,,,,32_NoCal_OR,22,,,,,CR18
3852,3852,Tissue,,1,F,Ppho,CR15,44,-124.166666,Oregon,SOR,3,4,,,,,32_NoCal_OR,22,,,,,CR15
15109,15109,Tissue,,1,F,Ppho,CR01,43.75,-124.183333,Oregon,SOR,3,4,,,,,32_NoCal_OR,22,,,,,CR01
1355,1355,Tissue,,1,F,Ppho,CR01,43.666666,-124.2,Oregon,SOR,3,4,,,,,32_NoCal_OR,22,,,,,CR01
8890,8890,Tissue,,1,M,Ppho,CR18,43.666666,-124.233333,Oregon,SOR,3,4,,,,,32_NoCal_OR,22,,,,,CR18
1354,1354,Tissue,,1,M,Ppho,CR07,43.783333,-124.283333,Oregon,SOR,3,4,,,,,32_NoCal_OR,22,,,,,CR07
8515,8515,Tissue,,1,F,Ppho,CR01,43.75,-124.283333,Oregon,SOR,3,4,,,,,32_NoCal_OR,22,,,,,CR01
15110,15110,Tissue,,1,M,Ppho,CR13,43.383333,-124.3,Oregon,SOR,3,4,,,,,32_NoCal_OR,22,,,,,CR13
8891,8891,Tissue,,1,M,Ppho,CR12,43.35,-124.333333,Oregon,SOR,3,4,,,,,32_NoCal_OR,22,,,,,CR12
1350,1350,Tissue,,1,F,Ppho,CR01,43.333333,-124.35,Oregon,SOR,3,4,,,,,32_NoCal_OR,22,,,,,CR01
7022,7022,Tissue,,1,F,Ppho,CR01,43.333333,-124.35,,,,,,,,,32_NoCal_OR,22,,,,,CR01
7074,7074,Tissue,,1,M,Ppho,CR07,43.333333,-124.35,Oregon,SOR,3,4,,,,,32_NoCal_OR,22,,,,,CR07
8521,8521,Tissue,,1,F,Ppho,CR01,43.75,-124.366666,Oregon,OR,3,4,,,,,32_NoCal_OR,22,,,,,CR01
1072,1072,Tissue,,1,F,Ppho,CR28,43.783333,-124.45,Oregon,SOR,3,4,,,,,32_NoCal_OR,22,,,,,CR28
1073,1073,Tissue,,1,M,Ppho,CR03,43.783333,-124.45,Oregon,SOR,3,4,,,,,32_NoCal_OR,22,,,,,CR03
8514,8514,Tissue,,1,F,Ppho,CR01,42.833333,-124.583333,Oregon,SOR,3,4,,,,,32_NoCal_OR,22,,,CR seq confirmed from HiSeq Mitogenome,,CR01
8516,8516,Tissue,,1,F,Ppho,CR01,42.833333,-124.583333,Oregon,SOR,3,4,,,,,32_NoCal_OR,22,,,,,CR01
91138,91138,Tissue,,1,M,Ppho,CR25,37.405,-121.97,,,,,,,,,33_SF_RussianRiver,23,,,,,CR25
38984,38984,Tissue,,1,M,Ppho,CR24,37.5,-122.216666,SanFran/Russian River,SF,2,2,,,,,33_SF_RussianRiver,23,,,,,CR24
47614,47614,Tissue,,1,M,Ppho,CR33,37.25,-122.4,SanFran/Russian River,SF,2,2,,,,,33_SF_RussianRiver,23,,,,,CR33
8622,8622,Tissue,,1,M,Ppho,CR02,37.866666,-122.45,SanFran/Russian River,SF,2,2,,,,,33_SF_RussianRiver,23,,,,,CR02
13092,13092,Tissue,,1,F,Ppho,CR16,37.483333,-122.466666,SanFran/Russian River,SF,2,2,,,,,33_SF_RussianRiver,23,,,,,CR16
28452,28452,Tissue,,1,M,Ppho,CR01,37.966666,-122.466666,,,,,,,,,33_SF_RussianRiver,23,,,,,CR01
28453,28453,Tissue,,1,F,Ppho,CR01,37.616666,-122.483333,,,,,,,,,33_SF_RussianRiver,23,,,,,CR01
38986,38986,Tissue,,1,F,Ppho,CR17,37.6,-122.483333,SanFran/Russian River,SF,2,2,,,,,33_SF_RussianRiver,23,,,,,CR17
41559,41559,Tissue,,1,M,Ppho,CR02,37.7,-122.483333,SanFran/Russian River,SF,2,2,,,,,33_SF_RussianRiver,23,,,,,CR02
41561,41561,Tissue,,1,F,Ppho,CR01,37.6,-122.483333,SanFran/Russian River,SF,2,2,,,,,33_SF_RussianRiver,23,,,,,CR01
7496,7496,Tissue,,1,F,Ppho,CR04,37.766666,-122.5,SanFran/Russian River,SF,2,2,,,,,33_SF_RussianRiver,23,,,,,CR04
7497,7497,Tissue,,1,M,Ppho,CR04,37.766666,-122.5,SanFran/Russian River,SF,2,2,,,,,33_SF_RussianRiver,23,,,,,CR04
28939,28939,Tissue,,1,F,Ppho,CR01,37.75,-122.5,SanFran/Russian River,SF,2,2,,,,,33_SF_RussianRiver,23,,,,,CR01
28941,28941,Tissue,,1,M,Ppho,CR01,37.75,-122.5,SanFran/Russian River,SF,2,2,,,,,33_SF_RussianRiver,23,,,,,CR01
41560,41560,Tissue,,1,F,Ppho,CR01,37.605,-122.504,SanFran/Russian River,SF,2,2,,,,,33_SF_RussianRiver,23,,,,,CR01
41564,41564,Tissue,,1,M,Ppho,CR19,37.816666,-122.533333,SanFran/Russian River,SF,2,2,,,,,33_SF_RussianRiver,23,,,,,CR19
38990,38990,Tissue,,1,M,Ppho,CR02,37.833333,-122.55,SanFran/Russian River,SF,2,2,,,,,33_SF_RussianRiver,23,,,,,CR02
7316,7316,Tissue,,1,M,Ppho,CR02,37.583333,-122.583333,SanFran/Russian River,SF,2,2,,,,,33_SF_RussianRiver,23,,,,,CR02
7317,7317,Tissue,,1,F,Ppho,CR25,37.883333,-122.633333,SanFran/Russian River,SF,2,2,,,,,33_SF_RussianRiver,23,,,,,CR25
38983,38983,Tissue,,1,F,Ppho,CR08,37.883333,-122.633333,SanFran/Russian River,SF,2,2,,,,,33_SF_RussianRiver,23,,,,,CR08
9502,9502,Tissue,,1,M,Ppho,CR01,37.75,-122.65,SanFran/Russian River,SF,2,2,,,,,33_SF_RussianRiver,23,,,,,CR01
7314,7314,Tissue,,1,F,Ppho,CR17,37.85,-122.666666,SanFran/Russian River,SF,2,2,,,,,33_SF_RussianRiver,23,,,,,CR17
47623,47623,Tissue,,1,M,Ppho,CR11,37.8854,-122.6968,SanFran/Russian River,SF,2,2,,,,,33_SF_RussianRiver,23,,,,,CR11
38989,38989,Tissue,,1,M,Ppho,CR01,38.016666,-122.883333,SanFran/Russian River,RR,2,2,,,,,33_SF_RussianRiver,23,,,,,CR01
9505,9505,Tissue,,1,F,Ppho,CR01,38.083333,-122.916666,SanFran/Russian River,RR,2,2,,,,,33_SF_RussianRiver,23,,,,,CR01
7312,7312,Tissue,,1,F,Ppho,CR39,38.333333,-123,SanFran/Russian River,RR,2,2,,,,,33_SF_RussianRiver,23,,,,,CR39
9513,9513,Tissue,,1,F,Ppho,,38.266666,-123,SanFran/Russian River,RR,2,2,,,,,33_SF_RussianRiver,23,,,,,
2224,2224,Tissue,,1,F,Ppho,CR02,38.266666,-123.016666,SanFran/Russian River,RR,2,2,,,,,33_SF_RussianRiver,23,,,,,CR02
28942,28942,Tissue,,1,M,Ppho,CR01,38.366666,-123.066666,SanFran/Russian River,RR,2,2,,,,,33_SF_RussianRiver,23,,,,,CR01
9512,9512,Tissue,,1,M,Ppho,CR15,38.433333,-123.166666,SanFran/Russian River,RR,2,2,,,,,33_SF_RussianRiver,23,,,,,CR15
7311,7311,Tissue,,1,F,Ppho,CR01,38.583333,-123.333333,SanFran/Russian River,RR,2,2,,,,,33_SF_RussianRiver,23,,,,,CR01
161,161,Tissue,,1,M,Ppho,CR02,36.8,-121.783333,,,,,,,,,34_Monterey_Bay,24,,,CR seq extracted from HiSeq Mitogenome,,CR02
706,706,Tissue,,1,F,Ppho,CR08,36.8,-121.783333,,,,,,,,,34_Monterey_Bay,24,,,CR seq extracted from HiSeq Mitogenome,,CR08
14945,14945,Tissue,,1,F,Ppho,CR01,36.8,-121.783333,Monterey Bay,MO,1,1,,,,,34_Monterey_Bay,24,,,,,CR01
17251,17251,Tissue,,1,M,Ppho,CR04,36.783333,-121.783333,Monterey Bay,MO,1,1,,,,,34_Monterey_Bay,24,,,,,CR04
17253,17253,Tissue,,1,F,Ppho,CR02,36.683333,-121.8,Monterey Bay,MO,1,1,,,,,34_Monterey_Bay,24,,,,,CR02
704,704,Tissue,,1,F,Ppho,CR12,36.9,-121.833333,,,,,,,,,34_Monterey_Bay,24,,,CR seq extracted from HiSeq Mitogenome,,CR12
707,707,Tissue,,1,M,Ppho,CR01,36.9,-121.833333,,,,,,,,,34_Monterey_Bay,24,,,CR seq extracted from HiSeq Mitogenome,,CR01
3743,3743,Tissue,,1,M,Ppho,CR02,36.75,-121.833333,,,,,,,,,34_Monterey_Bay,24,,,,,CR02
15025,15025,Tissue,,1,F,Ppho,CR01,36.683333,-121.833333,Monterey Bay,MO,1,1,,,,,34_Monterey_Bay,24,,,,,CR01
6421,6421,Tissue,,1,F,Ppho,CR04,36.6,-121.85,Monterey Bay,MO,1,1,,,,,34_Monterey_Bay,24,,,,,CR04
13410,13410,Tissue,,1,M,Ppho,CR12,36.683333,-121.85,Monterey Bay,MO,1,1,,,,,34_Monterey_Bay,24,,,,,CR12
13415,13415,Tissue,,1,M,Ppho,CR08,36.716666,-121.85,Monterey Bay,MO,1,1,,,,,34_Monterey_Bay,24,,,,,CR08
13416,13416,Tissue,,1,M,Ppho,CR08,36.666666,-121.85,Monterey Bay,MO,1,1,,,,,34_Monterey_Bay,24,,,,,CR08
13417,13417,Tissue,,1,F,Ppho,CR02,36.716666,-121.85,Monterey Bay,MO,1,1,,,,,34_Monterey_Bay,24,,,,,CR02
13422,13422,Tissue,,1,F,Ppho,CR02,36.833333,-121.85,Monterey Bay,MO,1,1,,,,,34_Monterey_Bay,24,,,,,CR02
13628,13628,Tissue,,1,M,Ppho,CR24,36.833333,-121.85,Monterey Bay,MO,1,1,,,,,34_Monterey_Bay,24,,,,,CR24
15015,15015,Tissue,,1,F,Ppho,CR02,36.816666,-121.85,Monterey Bay,MO,1,1,,,,,34_Monterey_Bay,24,,,,,CR02
15023,15023,Tissue,,1,M,Ppho,CR08,36.666666,-121.85,Monterey Bay,MO,1,1,,,,,34_Monterey_Bay,24,,,,,CR08
15027,15027,Tissue,,1,F,Ppho,CR09,36.816666,-121.85,Monterey Bay,MO,1,1,,,,,34_Monterey_Bay,24,,,,,CR09
15028,15028,Tissue,,1,M,Ppho,CR02,36.816666,-121.85,Monterey Bay,MO,1,1,,,,,34_Monterey_Bay,24,,,,,CR02
17387,17387,Tissue,,1,F,Ppho,CR12,36.683333,-121.85,Monterey Bay,MO,1,1,,,,,34_Monterey_Bay,24,,,,,CR12
17421,17421,Tissue,,1,M,Ppho,CR08,36.683333,-121.85,Monterey Bay,MO,1,1,,,,,34_Monterey_Bay,24,,,,,CR08
3766,3766,Tissue,,1,M,Ppho,CR01,36.633333,-121.866666,,,,,,,,,34_Monterey_Bay,24,,,CR seq extracted from HiSeq Mitogenome,,CR01
3768,3768,Tissue,,1,M,Ppho,CR01,36.633333,-121.866666,,,,,,,,,34_Monterey_Bay,24,,,CR seq extracted from HiSeq Mitogenome,,CR01
32,32,Tissue,,1,F,Ppho,CR19,36.95,-121.866666,Monterey Bay,MO,1,1,,,,,34_Monterey_Bay,24,,,,,CR19
47616,47616,Tissue,,1,M,Ppho,CR08,36.942,-121.892,SanFran/Russian River,SF,2,2,,,,,34_Monterey_Bay,24,,,,,CR08
17246,17246,Tissue,,1,M,Ppho,CR08,36.616666,-121.916666,Monterey Bay,MO,1,1,,,,,34_Monterey_Bay,24,,,,,CR08
47617,47617,Tissue,,1,F,Ppho,CR04,36.952,-121.963,SanFran/Russian River,SF,2,2,,,,,34_Monterey_Bay,24,,,,,CR04
3767,3767,Tissue,,1,M,Ppho,CR08,36.55,-121.983333,,,,,,,,,34_Monterey_Bay,24,,,CR seq extracted from HiSeq Mitogenome,,CR08
13645,13645,Tissue,,1,M,Ppho,CR29,36.866666,-121.983333,Monterey Bay,MO,1,1,,,,,34_Monterey_Bay,24,,,,,CR29
12982,12982,Tissue,,1,F,Ppho,CR01,36.866666,-122,Monterey Bay,MO,1,1,,,,,34_Monterey_Bay,24,,,,,CR01
15008,15008,Tissue,,1,M,Ppho,CR04,36.9,-122.05,Monterey Bay,MO,1,1,,,,,34_Monterey_Bay,24,,,,,CR04
12981,12981,Tissue,,1,F,Ppho,CR01,36.95,-122.183333,Monterey Bay,MO,1,1,,,,,34_Monterey_Bay,24,,,,,CR01
2881,2881,Tissue,,1,F,Ppho,CR01,37,-122.2,Monterey Bay,MO,1,1,,,,,34_Monterey_Bay,24,,,,,CR01
2883,2883,Tissue,,1,M,Ppho,CR08,37,-122.2,Monterey Bay,MO,1,1,,,,,34_Monterey_Bay,24,,,,,CR08
12979,12979,Tissue,,1,M,Ppho,CR23,36.983333,-122.233333,Monterey Bay,MO,1,1,,,,,34_Monterey_Bay,24,,,,,CR23
12980,12980,Tissue,,1,M,Ppho,CR16,36.983333,-122.233333,Monterey Bay,MO,1,1,,,,,34_Monterey_Bay,24,,,,,CR16
55815,55815,Tissue,,1,F,Ppho,CR03,32.583333,-117.116666,,,,,,,,,35_SoCal,25,,,,,CR03
53158,53158,Tissue,,1,M,Ppho,CR02,34,-120,,,,,,,,,35_SoCal,25,,,,,CR02
53160,53160,Tissue,,1,F,Ppho,CR02,34,-120,,,,,,,,,35_SoCal,25,,,,,CR02
53164,53164,Tissue,,1,M,Ppho,CR03,35.0462,-120.6142,,,,,,,,,35_SoCal,25,,,,,CR03
65375,65375,Tissue,,1,F,Ppho,CR02,35.0462,-120.6142,,,,,,,,,35_SoCal,25,,,,,CR02
76446,76446,Tissue,,1,M,Ppho,CR02,35.0462,-120.6142,,,,,,,,,35_SoCal,25,,,,,CR02
94453,94453,Tissue,,1,F,Ppho,CR02,35.0462,-120.6142,,,,,,,,,35_SoCal,25,,,,,CR02
94468,94468,Tissue,,1,M,Ppho,CR02,35.0462,-120.6142,,,,,,,,,35_SoCal,25,,,,,CR02
91111,91111,Tissue,,1,M,Ppho,CR02,35.104,-120.63,,,,,,,,,35_SoCal,25,,,,,CR02
91121,91121,Tissue,,1,F,Ppho,CR02,35.051,-120.63,,,,,,,,,35_SoCal,25,,,,,CR02
16611,16611,Tissue,,1,F,Ppho,CR02,35.133333,-120.633333,,,,,,,,,35_SoCal,25,,,,,CR02
41565,41565,Tissue,,1,M,Ppho,CR02,35.1,-120.633333,,,,,,,,,35_SoCal,25,,,,,CR02
76442,76442,Tissue,,1,M,Ppho,CR02,35.033333,-120.633333,,,,,,,,,35_SoCal,25,,,,,CR02
76443,76443,Tissue,,1,M,Ppho,CR02,35.133333,-120.633333,,,,,,,,,35_SoCal,25,,,,,CR02
91143,91143,Tissue,,1,F,Ppho,CR02,35.109,-120.638,,,,,,,,,35_SoCal,25,,,,,CR02
144227,144227,Tissue,,1,F,Ppho,CR30,35.13942,-120.644837,,,,,,,,,35_SoCal,25,,,,,CR30
91135,91135,Tissue,,1,F,Ppho,CR02,35.134,-120.646,,,,,,,,,35_SoCal,25,,,,,CR02
101848,101848,Tissue,,1,F,Ppho,CR02,35.141,-120.652,,,,,,,,,35_SoCal,25,,,,,CR02
91109,91109,Tissue,,1,M,Ppho,CR02,35.167,-120.706,,,,,,,,,35_SoCal,25,,,,,CR02
11205,11205,Tissue,,1,F,Ppho,CR02,35.333333,-120.85,,,,,,,,,35_SoCal,25,,,,,CR02
113096,113096,Tissue,,1,M,Ppho,CR03,35.392,-120.872,,,,,,,,,35_SoCal,25,,,,,CR03
91144,91144,Tissue,,1,F,Ppho,CR02,35.425,-120.881,,,,,,,,,35_SoCal,25,,,,,CR02
113100,113100,Tissue,,1,M,Ppho,CR02,35.428,-120.89,,,,,,,,,35_SoCal,25,,,,,CR02
76444,76444,Tissue,,1,F,Ppho,CR02,35.433333,-120.9,,,,,,,,,35_SoCal,25,,,,,CR02
91117,91117,Tissue,,1,M,Ppho,CR02,35.437,-120.901,,,,,,,,,35_SoCal,25,,,,,CR02
9506,9506,Tissue,,1,F,Ppho,CR42,35.4,-120.916666,,,,,,,,,35_SoCal,25,,,,,CR42
9507,9507,Tissue,,1,M,Ppho,,35.45,-120.983333,,,,,,,,,35_SoCal,25,,,,,
17128,17128,Tissue,,1,F,Ppho,CR02,35.6636,-121.2755,,,,,,,,,35_SoCal,25,,,,,CR02
17129,17129,Tissue,,1,M,Ppho,CR02,35.6636,-121.2755,,,,,,,,,35_SoCal,25,,,,,CR02
17130,17130,Tissue,,1,F,Ppho,CR02,35.6636,-121.2755,,,,,,,,,35_SoCal,25,,,,,CR02
4379,4379,Tissue,,1,F,Psin,,31.75,-114.5,,,,,,,,,,Psin,,,,,
4380,4380,Tissue,,1,F,Psin,,31.75,-114.5,,,,,,,,,,Psin,,,,,
4394,4394,Tissue,,1,M,Psin,,31.75,-114.5,,,,,,,,,,Psin,,,,,
1660,1660,Tissue,,1,F,Psin,,31.75,-114.583333,,,,,,,,,,Psin,,,,,
183496,183496,Tissue,,1,M,Psin,,31.054188,-114.817285,,,,,,,,,,Psin,,,,,
1649,1649,Tissue,,1,U,Psin,,31.75,-114.5,,,,,,,,,,Psin,,,No lat/lon; inserted lat/lon from sample 4379,,
1654,1654,Tissue,,1,F,Psin,,31.75,-114.5,,,,,,,,,,Psin,,,No lat/lon; inserted lat/lon from sample 4379,,
157158,PW51698,Tissue,,1,,unid,Pdal02,48.616,-123.227,,,,,,,,,26_San_Juan_Is,16,Inside,San_Juan_Is,,,Pdal02
2016HP03,HP03,eDNA,2016,1,,,CR22,56.57546,-133.09274,,,,,,GULF_OF_AK,EASTERN_GOA,SEAK_SOUTH,,,,,,,CR22
2016HP04,HP04,eDNA,2016,1,,,NA,56.62199,-133.07716,,,,,,GULF_OF_AK,EASTERN_GOA,SEAK_SOUTH,,,,,,,NA
2016HP06,HP06,eDNA,2016,1,,,NA,56.592,-133.099,,,,,,GULF_OF_AK,EASTERN_GOA,SEAK_SOUTH,,,,,,,NA
2016HP08_1,HP08_1,eDNA,2016,1,,,CR22,56.6638,-133.06259,,,,,,GULF_OF_AK,EASTERN_GOA,SEAK_SOUTH,,,,,,,CR22
2016HP08_2,HP08_2,eDNA,2016,1,,,CR155,56.6638,-133.06259,,,,,,GULF_OF_AK,EASTERN_GOA,SEAK_SOUTH,,,,,,,CR155
2016HP10,HP10,eDNA,2016,1,,,CR22,56.74309,-133.2348,,,,,,GULF_OF_AK,EASTERN_GOA,SEAK_SOUTH,,,,,,,CR22
2016HP23,HP23,eDNA,2016,1,,,CR09,58.03638,-135.66998,,,,,,GULF_OF_AK,EASTERN_GOA,SEAK_NORTH,,,,,,,CR09
2016HP24,HP24,eDNA,2016,1,,,CR01,58.03502,-135.66205,,,,,,GULF_OF_AK,EASTERN_GOA,SEAK_NORTH,,,,,,,CR01
2016HP25,HP25,eDNA,2016,1,,,CR01,58.04184,-135.68568,,,,,,GULF_OF_AK,EASTERN_GOA,SEAK_NORTH,,,,,,,CR01
2016HP27,HP27,eDNA,2016,1,,,CR01,58.02796,-135.65079,,,,,,GULF_OF_AK,EASTERN_GOA,SEAK_NORTH,,,,,,,CR01
2016HP33,HP33,eDNA,2016,1,,,CR01,58.28193,-135.8372,,,,,,GULF_OF_AK,EASTERN_GOA,SEAK_NORTH,,,,,,,CR01
2016HP34,HP34,eDNA,2016,1,,,CR01,58.27486,-135.84813,,,,,,GULF_OF_AK,EASTERN_GOA,SEAK_NORTH,,,,,,,CR01
2016HP35,HP35,eDNA,2016,1,,,CR09,58.26865,-135.85316,,,,,,GULF_OF_AK,EASTERN_GOA,SEAK_NORTH,,,,,,,CR09
2016HP36,HP36,eDNA,2016,1,,,CR11,58.27684,-135.85056,,,,,,GULF_OF_AK,EASTERN_GOA,SEAK_NORTH,,,,,,,CR11
2016HP37,HP37,eDNA,2016,1,,,CR01,58.26285,-136.32413,,,,,,GULF_OF_AK,EASTERN_GOA,SEAK_NORTH,,,,,,,CR01
2016HP39,HP39,eDNA,2016,1,,,CR58,58.20752,-135.97781,,,,,,GULF_OF_AK,EASTERN_GOA,SEAK_NORTH,,,,,,,CR58
2016HP41,HP41,eDNA,2016,1,,,CR24,58.21278,-135.9733,,,,,,GULF_OF_AK,EASTERN_GOA,SEAK_NORTH,,,,,,,CR24
2016HP43,HP43,eDNA,2016,1,,,CR11,58.27035,-135.87552,,,,,,GULF_OF_AK,EASTERN_GOA,SEAK_NORTH,,,,,,,CR11
2016HP44,HP44,eDNA,2016,1,,,CR01,58.27755,-135.38109,,,,,,GULF_OF_AK,EASTERN_GOA,SEAK_NORTH,,,,,,,CR01
2016HP45,HP45,eDNA,2016,1,,,NA,58.16495,-135.53308,,,,,,GULF_OF_AK,EASTERN_GOA,SEAK_NORTH,,,,,,,NA
2016HP46,HP46,eDNA,2016,1,,,NA,58.27406,-135.89194,,,,,,GULF_OF_AK,EASTERN_GOA,SEAK_NORTH,,,,,,,NA
2016HP47,HP47,eDNA,2016,1,,,CR01,58.27264,-135.89297,,,,,,GULF_OF_AK,EASTERN_GOA,SEAK_NORTH,,,,,,,CR01
2016HP48,HP48,eDNA,2016,1,,,NA,58.27645,-135.87794,,,,,,GULF_OF_AK,EASTERN_GOA,SEAK_NORTH,,,,,,,NA
2016HP49,HP49,eDNA,2016,1,,,NA,58.27646,-135.8773,,,,,,GULF_OF_AK,EASTERN_GOA,SEAK_NORTH,,,,,,,NA
2016HP61,HP61,eDNA,2016,1,,,CR01,56.59263,-133.07729,,,,,,GULF_OF_AK,EASTERN_GOA,SEAK_SOUTH,,,,,,,CR01
2016HP73,HP73,eDNA,2016,1,,,CR01,56.55211,-133.09154,,,,,,GULF_OF_AK,EASTERN_GOA,SEAK_SOUTH,,,,,,,CR01
2016HP74_1,HP74_1,eDNA,2016,1,,,CR22,56.55704,-133.07904,,,,,,GULF_OF_AK,EASTERN_GOA,SEAK_SOUTH,,,,,,,CR22
2016HP74_2,HP74_2,eDNA,2016,1,,,CR22,56.55704,-133.07904,,,,,,GULF_OF_AK,EASTERN_GOA,SEAK_SOUTH,,,,,,,CR22
2016HP75,HP75,eDNA,2016,1,,,CR01,56.56381,-133.07402,,,,,,GULF_OF_AK,EASTERN_GOA,SEAK_SOUTH,,,,,,,CR01
2016HP76,HP76,eDNA,2016,1,,,CR01,56.56789,-133.0731,,,,,,GULF_OF_AK,EASTERN_GOA,SEAK_SOUTH,,,,,,,CR01
2016HP77,HP77,eDNA,2016,1,,,NA,56.56366,-133.09332,,,,,,GULF_OF_AK,EASTERN_GOA,SEAK_SOUTH,,,,,,,NA
2016HP78_1,HP78_1,eDNA,2016,1,,,CR01,56.55682,-133.09113,,,,,,GULF_OF_AK,EASTERN_GOA,SEAK_SOUTH,,,,,,,CR01
2016HP78_2,HP78_2,eDNA,2016,1,,,CR156,56.55682,-133.09113,,,,,,GULF_OF_AK,EASTERN_GOA,SEAK_SOUTH,,,,,,,CR156
2016HP79,HP79,eDNA,2016,1,,,CR01,56.55565,-133.08847,,,,,,GULF_OF_AK,EASTERN_GOA,SEAK_SOUTH,,,,,,,CR01
2016HP82,HP82,eDNA,2016,1,,,CR22,56.56047,-133.0743,,,,,,GULF_OF_AK,EASTERN_GOA,SEAK_SOUTH,,,,,,,CR22
2016HP83,HP83,eDNA,2016,1,,,CR22,56.56042,-133.07558,,,,,,GULF_OF_AK,EASTERN_GOA,SEAK_SOUTH,,,,,,,CR22
2016HP84,HP84,eDNA,2016,1,,,CR22,56.5581,-133.07826,,,,,,GULF_OF_AK,EASTERN_GOA,SEAK_SOUTH,,,,,,,CR22
2016HP87,HP87,eDNA,2016,1,,,NA,57.0474,-134.2357,,,,,,GULF_OF_AK,EASTERN_GOA,,,,,,,,NA
2016HP88,HP88,eDNA,2016,1,,,NA,57.0474,-134.2357,,,,,,GULF_OF_AK,EASTERN_GOA,,,,,,,,NA
2016HP89,HP89,eDNA,2016,1,,,NA,58.03617,-135.681,,,,,,GULF_OF_AK,EASTERN_GOA,SEAK_NORTH,,,,,,,NA
2016HP90,HP90,eDNA,2016,1,,,NA,58.04373,-135.64682,,,,,,GULF_OF_AK,EASTERN_GOA,SEAK_NORTH,,,,,,,NA
2016HP95,HP95,eDNA,2016,1,,,CR09,58.27647,-135.8567,,,,,,GULF_OF_AK,EASTERN_GOA,SEAK_NORTH,,,,,,,CR09
2016HP98,HP98,eDNA,2016,1,,,CR01,58.25441,-135.88246,,,,,,GULF_OF_AK,EASTERN_GOA,SEAK_NORTH,,,,,,,CR01
2019_52297-001,Pp1D,eDNA,2019,1,,,NA,58.4166,-134.778,,,,,,GULF OF AK,EASTERN GOA,SEAK_NORTH,,,,,,,NA
2019_52297-003,Pp3A,eDNA,2019,2,,,NA,58.233,-136.5703,,,,,,GULF OF AK,EASTERN GOA,SEAK_NORTH,,,,,,,NA
2019_52297-003,Pp3D,eDNA,2019,1,,,CR01,58.233,-136.5703,,,,,,GULF OF AK,EASTERN GOA,SEAK_NORTH,,,,,,,CR01
2019_52297-005,Pp5A,eDNA,2019,1,,,CR09,58.2333,-136.5516,,,,,,GULF OF AK,EASTERN GOA,SEAK_NORTH,,,,,,,CR09
2019_52297-008,Pp8D,eDNA,2019,1,,,CR01,56.3917,-133.0739,,,,,,GULF OF AK,EASTERN GOA,SEAK_SOUTH,,,,,,,CR01
2019_52297-009,Pp9A,eDNA,2019,1,,,CR22,56.3893,-133.054,,,,,,GULF OF AK,EASTERN GOA,SEAK_SOUTH,,,,,,,CR22
2019_52297-011,Pp11D_1,eDNA,2019,1,,,CR09,56.3893,-133.054,,,,,,GULF OF AK,EASTERN GOA,SEAK_SOUTH,,,,,,,CR09
2019_52297-011,Pp11D_2,eDNA,2019,1,,,CR22,56.3893,-133.054,,,,,,GULF OF AK,EASTERN GOA,SEAK_SOUTH,,,,,,,CR22
2019_52297-016,Pp16D_1,eDNA,2019,1,,,CR01,56.985,-134.0111,,,,,,GULF OF AK,EASTERN GOA,SEAK_INTERMEDIATE,,,,,,,CR01
2019_52297-016,Pp16D_2,eDNA,2019,1,,,CR22,56.985,-134.0111,,,,,,GULF OF AK,EASTERN GOA,SEAK_INTERMEDIATE,,,,,,,CR22
2019_52297-017,Pp17D,eDNA,2019,1,,,CR13,56.9882,-134.004,,,,,,GULF OF AK,EASTERN GOA,SEAK_INTERMEDIATE,,,,,,,CR13
2019_52297-019,Pp19D,eDNA,2019,1,,,CR01,56.9922,-133.992,,,,,,GULF OF AK,EASTERN GOA,SEAK_INTERMEDIATE,,,,,,,CR01
2019_52297-020,Pp20D_1,eDNA,2019,1,,,CR01,56.9828,-133.9817,,,,,,GULF OF AK,EASTERN GOA,SEAK_INTERMEDIATE,,,,,,,CR01
2019_52297-020,Pp20D_2,eDNA,2019,1,,,CR09,56.9828,-133.9817,,,,,,GULF OF AK,EASTERN GOA,SEAK_INTERMEDIATE,,,,,,,CR09
2019_52297-021,Pp21D,eDNA,2019,1,,,CR157,56.9872,-134.0038,,,,,,GULF OF AK,EASTERN GOA,SEAK_INTERMEDIATE,,,,,,,CR157
2019_52297-022,Pp22D,eDNA,2019,1,,,CR01,56.9863,-134.005,,,,,,GULF OF AK,EASTERN GOA,SEAK_INTERMEDIATE,,,,,,,CR01
2019_52297-023,Pp23D,eDNA,2019,1,,,CR09,56.9853,-134.0035,,,,,,GULF OF AK,EASTERN GOA,SEAK_INTERMEDIATE,,,,,,,CR09
2019_52297-024,Pp24D,eDNA,2019,1,,,CR01,56.9861,-134.0032,,,,,,GULF OF AK,EASTERN GOA,SEAK_INTERMEDIATE,,,,,,,CR01
2019_52297-025,Pp25D,eDNA,2019,1,,,CR01,56.985,-134.0031,,,,,,GULF OF AK,EASTERN GOA,SEAK_INTERMEDIATE,,,,,,,CR01
2019_52297-026,Pp26D,eDNA,2019,1,,,CR01,56.986,-134.0055,,,,,,GULF OF AK,EASTERN GOA,SEAK_INTERMEDIATE,,,,,,,CR01
2019_52297-027,Pp27D,eDNA,2019,1,,,CR01,56.9871,-134.0056,,,,,,GULF OF AK,EASTERN GOA,SEAK_INTERMEDIATE,,,,,,,CR01
2019_52297-028,Pp28D,eDNA,2019,1,,,CR01,56.988,-134.0046,,,,,,GULF OF AK,EASTERN GOA,SEAK_INTERMEDIATE,,,,,,,CR01
2019_52297-030,Pp30D,eDNA,2019,1,,,CR13,57.8712,-134.1589,,,,,,GULF OF AK,EASTERN GOA,SEAK_INTERMEDIATE,,,,,,,CR13
2019_52297-033,Pp33A_1,eDNA,2019,2,,,CR01,58.27532,-135.84451,,,,,,GULF OF AK,EASTERN GOA,SEAK_NORTH,,,,,,,CR01
2019_52297-033,Pp33A_2,eDNA,2019,2,,,CR05,58.27532,-135.84451,,,,,,GULF OF AK,EASTERN GOA,SEAK_NORTH,,,,,,,CR05
2019_52297-033,Pp33D_1,eDNA,2019,1,,,CR01,58.27532,-135.84451,,,,,,GULF OF AK,EASTERN GOA,SEAK_NORTH,,,,,,,CR01
2019_52297-033,Pp33D_2,eDNA,2019,1,,,CR09,58.27532,-135.84451,,,,,,GULF OF AK,EASTERN GOA,SEAK_NORTH,,,,,,,CR09
2019_52297-033,Pp33D_3,eDNA,2019,1,,,CR06,58.27532,-135.84451,,,,,,GULF OF AK,EASTERN GOA,SEAK_NORTH,,,,,,,CR06
2019_52297-033,Pp33D_4,eDNA,2019,1,,,CR05,58.27532,-135.84451,,,,,,GULF OF AK,EASTERN GOA,SEAK_NORTH,,,,,,,CR05
2019_52297-034,Pp34D,eDNA,2019,1,,,CR09,58.27246,-136.02756,,,,,,GULF OF AK,EASTERN GOA,SEAK_NORTH,,,,,,,CR09
2019_52297-035,Pp35D,eDNA,2019,1,,,NA,58.26021,-135.92871,,,,,,GULF OF AK,EASTERN GOA,SEAK_NORTH,,,,,,,NA
2019_52297-036,Pp36D_1,eDNA,2019,1,,,CR01,58.56469,-136.14575,,,,,,GULF OF AK,EASTERN GOA,SEAK_NORTH,,,,,,,CR01
2019_52297-036,Pp36D_2,eDNA,2019,1,,,CR09,58.56469,-136.14575,,,,,,GULF OF AK,EASTERN GOA,SEAK_NORTH,,,,,,,CR09
2019_52297-037,Pp37A,eDNA,2019,2,,,CR06,58.542473,-136.129761,,,,,,GULF OF AK,EASTERN GOA,SEAK_NORTH,,,,,,,CR06
2019_52297-037,Pp37D,eDNA,2019,1,,,CR06,58.542473,-136.129761,,,,,,GULF OF AK,EASTERN GOA,SEAK_NORTH,,,,,,,CR06
2019_52297-038,Pp38D,eDNA,2019,1,,,CR09,58.453696,-135.995173,,,,,,GULF OF AK,EASTERN GOA,SEAK_NORTH,,,,,,,CR09
2019_52297-039,Pp39D,eDNA,2019,1,,,NA,58.293927,-135.95968,,,,,,GULF OF AK,EASTERN GOA,SEAK_NORTH,,,,,,,NA
2019_52297-041,Pp41A_1,eDNA,2019,2,,,CR01,58.467681,-136.005814,,,,,,GULF OF AK,EASTERN GOA,SEAK_NORTH,,,,,,,CR01
2019_52297-041,Pp41A_2,eDNA,2019,2,,,CR09,58.467681,-136.005814,,,,,,GULF OF AK,EASTERN GOA,SEAK_NORTH,,,,,,,CR09
2019_52297-041,Pp41A_3,eDNA,2019,2,,,CR06,58.467681,-136.005814,,,,,,GULF OF AK,EASTERN GOA,SEAK_NORTH,,,,,,,CR06
2019_52297-041,Pp41D_1,eDNA,2019,1,,,CR01,58.467681,-136.005814,,,,,,GULF OF AK,EASTERN GOA,SEAK_NORTH,,,,,,,CR01
2019_52297-041,Pp41D_2,eDNA,2019,1,,,CR09,58.467681,-136.005814,,,,,,GULF OF AK,EASTERN GOA,SEAK_NORTH,,,,,,,CR09
2019_52297-041,Pp41D_3,eDNA,2019,1,,,CR06,58.467681,-136.005814,,,,,,GULF OF AK,EASTERN GOA,SEAK_NORTH,,,,,,,CR06
2019_52297-042,Pp42D,eDNA,2019,1,,,NA,60.95024,-147.05283,,,,,,GULF_OF_AK,WESTERN_GOA,COPPER_RIVER,,,,,,,NA
2019_52297-043,Pp43A,eDNA,2019,1,,,CR01,60.49081,-146.59508,,,,,,GULF_OF_AK,WESTERN_GOA,COPPER_RIVER,,,,,,,CR01
2019_52297-043,Pp43D,eDNA,2019,2,,,CR01,60.49081,-146.59508,,,,,,GULF_OF_AK,WESTERN_GOA,COPPER_RIVER,,,,,,,CR01
2019_52297-044,Pp44A,eDNA,2019,1,,,CR09,58.1625467,-134.76633,,,,,,GULF OF AK,EASTERN GOA,SEAK_NORTH,,,,,,,CR09
2019_52297-044,Pp44D,eDNA,2019,2,,,CR09,58.1625467,-134.76633,,,,,,GULF OF AK,EASTERN GOA,SEAK_NORTH,,,,,,,CR09
2019_52297-045,Pp45D,eDNA,2019,1,,,NA,57.7708,-135.0786,,,,,,GULF OF AK,EASTERN GOA,SEAK_NORTH,,,,,,,NA
